date,home_team,away_team,home_rank,away_rank,home_points,away_points,home_played,away_played,home_won,away_won,home_drawn,away_drawn,home_lost,away_lost,home_goals_for,away_goals_for,home_goals_against,away_goals_against,result
05.08.2022,İstanbulspor,Trabzonspor,12,6,41,57,36,36,12,17,5,6,19,13,47,64,63,54,A
06.08.2022,Sivasspor,Gazişehir Gaziantep,14,18,41,25,36,36,11,6,8,7,17,23,46,31,54,72,D
06.08.2022,Besiktas,Kayserispor,3,9,78,47,36,36,23,15,9,5,4,16,78,55,36,61,H
07.08.2022,Giresunspor,Adana Demirspor,16,4,40,69,36,36,10,20,10,9,16,7,42,76,60,45,A
07.08.2022,Fatih Karagümrük,Alanyaspor,7,15,51,41,36,36,13,11,12,8,11,17,75,54,63,70,A
07.08.2022,Antalyaspor,Galatasaray,13,1,41,88,36,36,11,28,8,4,17,4,46,83,55,27,A
08.08.2022,Istanbul Basaksehir,Kasimpasa,5,10,62,43,36,36,18,12,8,7,10,17,54,45,37,61,H
08.08.2022,Fenerbahce,Ümraniyespor,2,17,80,30,36,36,25,7,5,9,6,20,87,47,42,64,D
08.08.2022,Ankaragucu,Konyaspor,11,8,42,51,36,36,12,12,6,15,18,9,43,49,53,41,D
12.08.2022,Trabzonspor,Hatayspor,6,19,57,23,36,36,17,6,6,5,13,25,64,19,54,83,H
13.08.2022,Kayserispor,İstanbulspor,9,12,47,41,36,36,15,12,5,5,16,19,55,47,61,63,H
13.08.2022,Galatasaray,Giresunspor,1,16,88,40,36,36,28,10,4,10,4,16,83,42,27,60,A
13.08.2022,Adana Demirspor,Sivasspor,4,14,69,41,36,36,20,11,9,8,7,17,76,46,45,54,H
14.08.2022,Gazişehir Gaziantep,Ankaragucu,18,11,25,42,36,36,6,12,7,6,23,18,31,43,72,53,H
14.08.2022,Ümraniyespor,Antalyaspor,17,13,30,41,36,36,7,11,9,8,20,17,47,46,64,55,A
14.08.2022,Alanyaspor,Besiktas,15,3,41,78,36,36,11,23,8,9,17,4,54,78,70,36,D
15.08.2022,Konyaspor,Istanbul Basaksehir,8,5,51,62,36,36,12,18,15,8,9,10,49,54,41,37,D
15.08.2022,Kasimpasa,Fenerbahce,10,2,43,80,36,36,12,25,7,5,17,6,45,87,61,42,A
19.08.2022,Ümraniyespor,Galatasaray,17,1,30,88,36,36,7,28,9,4,20,4,47,83,64,27,A
20.08.2022,Giresunspor,Kasimpasa,16,10,40,43,36,36,10,12,10,7,16,17,42,45,60,61,H
20.08.2022,Hatayspor,Gazişehir Gaziantep,19,18,23,25,36,36,6,6,5,7,25,23,19,31,83,72,A
20.08.2022,Antalyaspor,Trabzonspor,13,6,41,57,36,36,11,17,8,6,17,13,46,64,55,54,H
21.08.2022,Istanbul Basaksehir,Kayserispor,5,9,62,47,36,36,18,15,8,5,10,16,54,55,37,61,H
21.08.2022,Besiktas,Fatih Karagümrük,3,7,78,51,36,36,23,13,9,12,4,11,78,75,36,63,H
22.08.2022,Sivasspor,Alanyaspor,14,15,41,41,36,36,11,11,8,8,17,17,46,54,54,70,D
22.08.2022,İstanbulspor,Konyaspor,12,8,41,51,36,36,12,12,5,15,19,9,47,49,63,41,A
22.08.2022,Fenerbahce,Adana Demirspor,2,4,80,69,36,36,25,20,5,9,6,7,87,76,42,45,H
26.08.2022,Gazişehir Gaziantep,Antalyaspor,18,13,25,41,36,36,6,11,7,8,23,17,31,46,72,55,H
27.08.2022,Fatih Karagümrük,Ankaragucu,7,11,51,42,36,36,13,12,12,6,11,18,75,43,63,53,H
27.08.2022,Alanyaspor,İstanbulspor,15,12,41,41,36,36,11,12,8,5,17,19,54,47,70,63,A
27.08.2022,Adana Demirspor,Ümraniyespor,4,17,69,30,36,36,20,7,9,9,7,20,76,47,45,64,H
28.08.2022,Kayserispor,Giresunspor,9,16,47,40,36,36,15,10,5,10,16,16,55,42,61,60,H
28.08.2022,Kasimpasa,Hatayspor,10,19,43,23,36,36,12,6,7,5,17,25,45,19,61,83,H
28.08.2022,Trabzonspor,Galatasaray,6,1,57,88,36,36,17,28,6,4,13,4,64,83,54,27,D
29.08.2022,Konyaspor,Fenerbahce,8,2,51,80,36,36,12,25,15,5,9,6,49,87,41,42,H
29.08.2022,Besiktas,Sivasspor,3,14,78,41,36,36,23,11,9,8,4,17,78,46,36,54,H
02.09.2022,Ümraniyespor,Trabzonspor,17,6,30,57,36,36,7,17,9,6,20,13,47,64,64,54,A
03.09.2022,Istanbul Basaksehir,Alanyaspor,5,15,62,41,36,36,18,11,8,8,10,17,54,54,37,70,H
03.09.2022,Sivasspor,Fatih Karagümrük,14,7,41,51,36,36,11,13,8,12,17,11,46,75,54,63,D
03.09.2022,Fenerbahce,Kayserispor,2,9,80,47,36,36,25,15,5,5,6,16,87,55,42,61,H
03.09.2022,Giresunspor,Konyaspor,16,8,40,51,36,36,10,12,10,15,16,9,42,49,60,41,A
04.09.2022,Hatayspor,Adana Demirspor,19,4,23,69,36,36,6,20,5,9,25,7,19,76,83,45,D
04.09.2022,Antalyaspor,Kasimpasa,13,10,41,43,36,36,11,12,8,7,17,17,46,45,55,61,A
04.09.2022,Ankaragucu,Besiktas,11,3,42,78,36,36,12,23,6,9,18,4,43,78,53,36,A
05.09.2022,Galatasaray,Gazişehir Gaziantep,1,18,88,25,36,36,28,6,4,7,4,23,83,31,27,72,H
09.09.2022,Alanyaspor,Ankaragucu,15,11,41,42,36,36,11,12,8,6,17,18,54,43,70,53,H
10.09.2022,Konyaspor,Hatayspor,8,19,51,23,36,36,12,6,15,5,9,25,49,19,41,83,H
10.09.2022,Fatih Karagümrük,Giresunspor,7,16,51,40,36,36,13,10,12,10,11,16,75,42,63,60,D
11.09.2022,Sivasspor,İstanbulspor,14,12,41,41,36,36,11,12,8,5,17,19,46,47,54,63,D
11.09.2022,Kayserispor,Antalyaspor,9,13,47,41,36,36,15,11,5,8,16,17,55,46,61,55,H
11.09.2022,Kasimpasa,Galatasaray,10,1,43,88,36,36,12,28,7,4,17,4,45,83,61,27,A
11.09.2022,Gazişehir Gaziantep,Ümraniyespor,18,17,25,30,36,36,6,7,7,9,23,20,31,47,72,64,D
12.09.2022,Besiktas,Istanbul Basaksehir,3,5,78,62,36,36,23,18,9,8,4,10,78,54,36,37,A
12.09.2022,Adana Demirspor,Trabzonspor,4,6,69,57,36,36,20,17,9,6,7,13,76,64,45,54,H
16.09.2022,Galatasaray,Konyaspor,1,8,88,51,36,36,28,12,4,15,4,9,83,49,27,41,H
16.09.2022,Hatayspor,Kayserispor,19,9,23,47,36,36,6,15,5,5,25,16,19,55,83,61,A
17.09.2022,Ümraniyespor,Kasimpasa,17,10,30,43,36,36,7,12,9,7,20,17,47,45,64,61,A
17.09.2022,Antalyaspor,Adana Demirspor,13,4,41,69,36,36,11,20,8,9,17,7,46,76,55,45,A
17.09.2022,İstanbulspor,Besiktas,12,3,41,78,36,36,12,23,5,9,19,4,47,78,63,36,D
18.09.2022,Istanbul Basaksehir,Fatih Karagümrük,5,7,62,51,36,36,18,13,8,12,10,11,54,75,37,63,D
18.09.2022,Trabzonspor,Gazişehir Gaziantep,6,18,57,25,36,36,17,6,6,7,13,23,64,31,54,72,H
18.09.2022,Fenerbahce,Alanyaspor,2,15,80,41,36,36,25,11,5,8,6,17,87,54,42,70,H
18.09.2022,Ankaragucu,Sivasspor,11,14,42,41,36,36,12,11,6,8,18,17,43,46,53,54,H
01.10.2022,Kasimpasa,Gazişehir Gaziantep,10,18,43,25,36,36,12,6,7,7,17,23,45,31,61,72,H
01.10.2022,Kayserispor,Trabzonspor,9,6,47,57,36,36,15,17,5,6,16,13,55,64,61,54,A
01.10.2022,Ankaragucu,Istanbul Basaksehir,11,5,42,62,36,36,12,18,6,8,18,10,43,54,53,37,A
01.10.2022,Adana Demirspor,Galatasaray,4,1,69,88,36,36,20,28,9,4,7,4,76,83,45,27,D
02.10.2022,Alanyaspor,Giresunspor,15,16,41,40,36,36,11,10,8,10,17,16,54,42,70,60,D
02.10.2022,Sivasspor,Hatayspor,14,19,41,23,36,36,11,6,8,5,17,25,46,19,54,83,A
02.10.2022,Konyaspor,Ümraniyespor,8,17,51,30,36,36,12,7,15,9,9,20,49,47,41,64,H
02.10.2022,Besiktas,Fenerbahce,3,2,78,80,36,36,23,25,9,5,4,6,78,87,36,42,D
03.10.2022,Fatih Karagümrük,İstanbulspor,7,12,51,41,36,36,13,12,12,5,11,19,75,47,63,63,A
07.10.2022,Gazişehir Gaziantep,Adana Demirspor,18,4,25,69,36,36,6,20,7,9,23,7,31,76,72,45,D
08.10.2022,İstanbulspor,Ankaragucu,12,11,41,42,36,36,12,12,5,6,19,18,47,43,63,53,A
08.10.2022,Antalyaspor,Konyaspor,13,8,41,51,36,36,11,12,8,15,17,9,46,49,55,41,D
08.10.2022,Giresunspor,Besiktas,16,3,40,78,36,36,10,23,10,9,16,4,42,78,60,36,A
09.10.2022,Ümraniyespor,Kayserispor,17,9,30,47,36,36,7,15,9,5,20,16,47,55,64,61,D
09.10.2022,Hatayspor,Alanyaspor,19,15,23,41,36,36,6,11,5,8,25,17,19,54,83,70,H
09.10.2022,Fenerbahce,Fatih Karagümrük,2,7,80,51,36,36,25,13,5,12,6,11,87,75,42,63,H
10.10.2022,Istanbul Basaksehir,Sivasspor,5,14,62,41,36,36,18,11,8,8,10,17,54,46,37,54,A
10.10.2022,Trabzonspor,Kasimpasa,6,10,57,43,36,36,17,12,6,7,13,17,64,45,54,61,D
14.10.2022,Alanyaspor,Antalyaspor,15,13,41,41,36,36,11,11,8,8,17,17,54,46,70,55,H
15.10.2022,Fatih Karagümrük,Hatayspor,7,19,51,23,36,36,13,6,12,5,11,25,75,19,63,83,H
15.10.2022,Kasimpasa,Adana Demirspor,10,4,43,69,36,36,12,20,7,9,17,7,45,76,61,45,A
15.10.2022,Konyaspor,Gazişehir Gaziantep,8,18,51,25,36,36,12,6,15,7,9,23,49,31,41,72,A
15.10.2022,Kayserispor,Galatasaray,9,1,47,88,36,36,15,28,5,4,16,4,55,83,61,27,H
16.10.2022,Istanbul Basaksehir,İstanbulspor,5,12,62,41,36,36,18,12,8,5,10,19,54,47,37,63,H
16.10.2022,Besiktas,Trabzonspor,3,6,78,57,36,36,23,17,9,6,4,13,78,64,36,54,D
17.10.2022,Sivasspor,Giresunspor,14,16,41,40,36,36,11,10,8,10,17,16,46,42,54,60,H
17.10.2022,Ankaragucu,Fenerbahce,11,2,42,80,36,36,12,25,6,5,18,6,43,87,53,42,A
21.10.2022,Antalyaspor,İstanbulspor,13,12,41,41,36,36,11,12,8,5,17,19,46,47,55,63,H
22.10.2022,Ümraniyespor,Fatih Karagümrük,17,7,30,51,36,36,7,13,9,12,20,11,47,75,64,63,A
22.10.2022,Trabzonspor,Sivasspor,6,14,57,41,36,36,17,11,6,8,13,17,64,46,54,54,H
22.10.2022,Fenerbahce,Istanbul Basaksehir,2,5,80,62,36,36,25,18,5,8,6,10,87,54,42,37,H
23.10.2022,Kasimpasa,Kayserispor,10,9,43,47,36,36,12,15,7,5,17,16,45,55,61,61,A
23.10.2022,Adana Demirspor,Konyaspor,4,8,69,51,36,36,20,12,9,15,7,9,76,49,45,41,D
23.10.2022,Galatasaray,Alanyaspor,1,15,88,41,36,36,28,11,4,8,4,17,83,54,27,70,D
24.10.2022,Giresunspor,Ankaragucu,16,11,40,42,36,36,10,12,10,6,16,18,42,43,60,53,D
24.10.2022,Hatayspor,Besiktas,19,3,23,78,36,36,6,23,5,9,25,4,19,78,83,36,H
28.10.2022,Fatih Karagümrük,Galatasaray,7,1,51,88,36,36,13,28,12,4,11,4,75,83,63,27,A
29.10.2022,Konyaspor,Kasimpasa,8,10,51,43,36,36,12,12,15,7,9,17,49,45,41,61,D
29.10.2022,Alanyaspor,Gazişehir Gaziantep,15,18,41,25,36,36,11,6,8,7,17,23,54,31,70,72,H
30.10.2022,Ankaragucu,Hatayspor,11,19,42,23,36,36,12,6,6,5,18,25,43,19,53,83,H
30.10.2022,Besiktas,Ümraniyespor,3,17,78,30,36,36,23,7,9,9,4,20,78,47,36,64,H
30.10.2022,Kayserispor,Adana Demirspor,9,4,47,69,36,36,15,20,5,9,16,7,55,76,61,45,D
30.10.2022,İstanbulspor,Fenerbahce,12,2,41,80,36,36,12,25,5,5,19,6,47,87,63,42,A
31.10.2022,Istanbul Basaksehir,Giresunspor,5,16,62,40,36,36,18,10,8,10,10,16,54,42,37,60,H
31.10.2022,Sivasspor,Antalyaspor,14,13,41,41,36,36,11,11,8,8,17,17,46,46,54,55,A
04.11.2022,Kasimpasa,Ankaragucu,10,11,43,42,36,36,12,12,7,6,17,18,45,43,61,53,D
04.11.2022,Ümraniyespor,Alanyaspor,17,15,30,41,36,36,7,11,9,8,20,17,47,54,64,70,H
05.11.2022,Giresunspor,İstanbulspor,16,12,40,41,36,36,10,12,10,5,16,19,42,47,60,63,H
05.11.2022,Galatasaray,Besiktas,1,3,88,78,36,36,28,23,4,9,4,4,83,78,27,36,H
06.11.2022,Gazişehir Gaziantep,Kayserispor,18,9,25,47,36,36,6,15,7,5,23,16,31,55,72,61,A
06.11.2022,Antalyaspor,Fatih Karagümrük,13,7,41,51,36,36,11,13,8,12,17,11,46,75,55,63,H
06.11.2022,Trabzonspor,Konyaspor,6,8,57,51,36,36,17,12,6,15,13,9,64,49,54,41,D
07.11.2022,Fenerbahce,Sivasspor,2,14,80,41,36,36,25,11,5,8,6,17,87,46,42,54,H
07.11.2022,Hatayspor,Istanbul Basaksehir,19,5,23,62,36,36,6,18,5,8,25,10,19,54,83,37,D
11.11.2022,Alanyaspor,Adana Demirspor,15,4,41,69,36,36,11,20,8,9,17,7,54,76,70,45,D
11.11.2022,Ankaragucu,Trabzonspor,11,6,42,57,36,36,12,17,6,6,18,13,43,64,53,54,D
12.11.2022,Sivasspor,Ümraniyespor,14,17,41,30,36,36,11,7,8,9,17,20,46,47,54,64,D
12.11.2022,Fenerbahce,Giresunspor,2,16,80,40,36,36,25,10,5,10,6,16,87,42,42,60,A
12.11.2022,Istanbul Basaksehir,Galatasaray,5,1,62,88,36,36,18,28,8,4,10,4,54,83,37,27,A
13.11.2022,Fatih Karagümrük,Gazişehir Gaziantep,7,18,51,25,36,36,13,6,12,7,11,23,75,31,63,72,D
13.11.2022,Kayserispor,Konyaspor,9,8,47,51,36,36,15,12,5,15,16,9,55,49,61,41,A
13.11.2022,İstanbulspor,Hatayspor,12,19,41,23,36,36,12,6,5,5,19,25,47,19,63,83,A
23.12.2022,Antalyaspor,Ankaragucu,13,11,41,42,36,36,11,12,8,6,17,18,46,43,55,53,A
23.12.2022,Ümraniyespor,Istanbul Basaksehir,17,5,30,62,36,36,7,18,9,8,20,10,47,54,64,37,A
24.12.2022,Hatayspor,Giresunspor,19,16,23,40,36,36,6,10,5,10,25,16,19,42,83,60,D
24.12.2022,Kasimpasa,Sivasspor,10,14,43,41,36,36,12,11,7,8,17,17,45,46,61,54,A
24.12.2022,Trabzonspor,Fenerbahce,6,2,57,80,36,36,17,25,6,5,13,6,64,87,54,42,H
25.12.2022,Adana Demirspor,Fatih Karagümrük,4,7,69,51,36,36,20,13,9,12,7,11,76,75,45,63,H
25.12.2022,Konyaspor,Alanyaspor,8,15,51,41,36,36,12,11,15,8,9,17,49,54,41,70,D
25.12.2022,Gazişehir Gaziantep,Besiktas,18,3,25,78,36,36,6,23,7,9,23,4,31,78,72,36,D
25.12.2022,Galatasaray,İstanbulspor,1,12,88,41,36,36,28,12,4,5,4,19,83,47,27,63,H
27.12.2022,Istanbul Basaksehir,Antalyaspor,5,13,62,41,36,36,18,11,8,8,10,17,54,46,37,55,H
27.12.2022,Ankaragucu,Ümraniyespor,11,17,42,30,36,36,12,7,6,9,18,20,43,47,53,64,A
27.12.2022,Fenerbahce,Hatayspor,2,19,80,23,36,36,25,6,5,5,6,25,87,19,42,83,H
28.12.2022,Alanyaspor,Kayserispor,15,9,41,47,36,36,11,15,8,5,17,16,54,55,70,61,H
28.12.2022,İstanbulspor,Kasimpasa,12,10,41,43,36,36,12,12,5,7,19,17,47,45,63,61,H
28.12.2022,Fatih Karagümrük,Trabzonspor,7,6,51,57,36,36,13,17,12,6,11,13,75,64,63,54,H
29.12.2022,Sivasspor,Galatasaray,14,1,41,88,36,36,11,28,8,4,17,4,46,83,54,27,A
29.12.2022,Giresunspor,Gazişehir Gaziantep,16,18,40,25,36,36,10,6,10,7,16,23,42,31,60,72,H
29.12.2022,Besiktas,Adana Demirspor,3,4,78,69,36,36,23,20,9,9,4,7,78,76,36,45,H
03.01.2023,Ümraniyespor,Hatayspor,17,19,30,23,36,36,7,6,9,5,20,25,47,19,64,83,D
03.01.2023,Antalyaspor,Fenerbahce,13,2,41,80,36,36,11,25,8,5,17,6,46,87,55,42,A
04.01.2023,Kayserispor,Fatih Karagümrük,9,7,47,51,36,36,15,13,5,12,16,11,55,75,61,63,A
04.01.2023,Kasimpasa,Alanyaspor,10,15,43,41,36,36,12,11,7,8,17,17,45,54,61,70,H
04.01.2023,Konyaspor,Sivasspor,8,14,51,41,36,36,12,11,15,8,9,17,49,46,41,54,D
04.01.2023,Galatasaray,Ankaragucu,1,11,88,42,36,36,28,12,4,6,4,18,83,43,27,53,H
05.01.2023,Gazişehir Gaziantep,Istanbul Basaksehir,18,5,25,62,36,36,6,18,7,8,23,10,31,54,72,37,D
05.01.2023,Trabzonspor,Giresunspor,6,16,57,40,36,36,17,10,6,10,13,16,64,42,54,60,H
05.01.2023,Adana Demirspor,İstanbulspor,4,12,69,41,36,36,20,12,9,5,7,19,76,47,45,63,H
07.01.2023,Hatayspor,Antalyaspor,19,13,23,41,36,36,6,11,5,8,25,17,19,46,83,55,D
07.01.2023,Besiktas,Kasimpasa,3,10,78,43,36,36,23,12,9,7,4,17,78,45,36,61,H
08.01.2023,Fatih Karagümrük,Konyaspor,7,8,51,51,36,36,13,12,12,15,11,9,75,49,63,41,D
08.01.2023,Ankaragucu,Kayserispor,11,9,42,47,36,36,12,15,6,5,18,16,43,55,53,61,H
08.01.2023,Giresunspor,Ümraniyespor,16,17,40,30,36,36,10,7,10,9,16,20,42,47,60,64,A
08.01.2023,Fenerbahce,Galatasaray,2,1,80,88,36,36,25,28,5,4,6,4,87,83,42,27,A
09.01.2023,Istanbul Basaksehir,Adana Demirspor,5,4,62,69,36,36,18,20,8,9,10,7,54,76,37,45,H
09.01.2023,Alanyaspor,Trabzonspor,15,6,41,57,36,36,11,17,8,6,17,13,54,64,70,54,H
09.01.2023,İstanbulspor,Gazişehir Gaziantep,12,18,41,25,36,36,12,6,5,7,19,23,47,31,63,72,D
13.01.2023,Kayserispor,Sivasspor,9,14,47,41,36,36,15,11,5,8,16,17,55,46,61,54,H
13.01.2023,Galatasaray,Hatayspor,1,19,88,23,36,36,28,6,4,5,4,25,83,19,27,83,H
14.01.2023,Antalyaspor,Giresunspor,13,16,41,40,36,36,11,10,8,10,17,16,46,42,55,60,D
14.01.2023,Konyaspor,Besiktas,8,3,51,78,36,36,12,23,15,9,9,4,49,78,41,36,A
14.01.2023,Adana Demirspor,Ankaragucu,4,11,69,42,36,36,20,12,9,6,7,18,76,43,45,53,H
14.01.2023,Trabzonspor,Istanbul Basaksehir,6,5,57,62,36,36,17,18,6,8,13,10,64,54,54,37,H
15.01.2023,Ümraniyespor,İstanbulspor,17,12,30,41,36,36,7,12,9,5,20,19,47,47,64,63,A
15.01.2023,Kasimpasa,Fatih Karagümrük,10,7,43,51,36,36,12,13,7,12,17,11,45,75,61,63,D
15.01.2023,Gazişehir Gaziantep,Fenerbahce,18,2,25,80,36,36,6,25,7,5,23,6,31,87,72,42,A
20.01.2023,Adana Demirspor,Giresunspor,4,16,69,40,36,36,20,10,9,10,7,16,76,42,45,60,D
21.01.2023,Kasimpasa,Istanbul Basaksehir,10,5,43,62,36,36,12,18,7,8,17,10,45,54,61,37,A
21.01.2023,Galatasaray,Antalyaspor,1,13,88,41,36,36,28,11,4,8,4,17,83,46,27,55,H
22.01.2023,Gazişehir Gaziantep,Sivasspor,18,14,25,41,36,36,6,11,7,8,23,17,31,46,72,54,A
22.01.2023,Alanyaspor,Fatih Karagümrük,15,7,41,51,36,36,11,13,8,12,17,11,54,75,70,63,D
22.01.2023,Kayserispor,Besiktas,9,3,47,78,36,36,15,23,5,9,16,4,55,78,61,36,A
22.01.2023,Trabzonspor,İstanbulspor,6,12,57,41,36,36,17,12,6,5,13,19,64,47,54,63,H
23.01.2023,Konyaspor,Ankaragucu,8,11,51,42,36,36,12,12,15,6,9,18,49,43,41,53,A
23.01.2023,Ümraniyespor,Fenerbahce,17,2,30,80,36,36,7,25,9,5,20,6,47,87,64,42,A
27.01.2023,Besiktas,Alanyaspor,3,15,78,41,36,36,23,11,9,8,4,17,78,54,36,70,H
28.01.2023,Sivasspor,Adana Demirspor,14,4,41,69,36,36,11,20,8,9,17,7,46,76,54,45,A
28.01.2023,Ankaragucu,Gazişehir Gaziantep,11,18,42,25,36,36,12,6,6,7,18,23,43,31,53,72,A
28.01.2023,Hatayspor,Trabzonspor,19,6,23,57,36,36,6,17,5,6,25,13,19,64,83,54,H
28.01.2023,Antalyaspor,Ümraniyespor,13,17,41,30,36,36,11,7,8,9,17,20,46,47,55,64,H
28.01.2023,Giresunspor,Galatasaray,16,1,40,88,36,36,10,28,10,4,16,4,42,83,60,27,A
29.01.2023,İstanbulspor,Kayserispor,12,9,41,47,36,36,12,15,5,5,19,16,47,55,63,61,A
29.01.2023,Istanbul Basaksehir,Konyaspor,5,8,62,51,36,36,18,12,8,15,10,9,54,49,37,41,H
29.01.2023,Fenerbahce,Kasimpasa,2,10,80,43,36,36,25,12,5,7,6,17,87,45,42,61,H
31.01.2023,Alanyaspor,Sivasspor,15,14,41,41,36,36,11,11,8,8,17,17,54,46,70,54,A
31.01.2023,Fatih Karagümrük,Besiktas,7,3,51,78,36,36,13,23,12,9,11,4,75,78,63,36,D
01.02.2023,Kasimpasa,Giresunspor,10,16,43,40,36,36,12,10,7,10,17,16,45,42,61,60,H
01.02.2023,Gazişehir Gaziantep,Hatayspor,18,19,25,23,36,36,6,6,7,5,23,25,31,19,72,83,H
01.02.2023,Galatasaray,Ümraniyespor,1,17,88,30,36,36,28,7,4,9,4,20,83,47,27,64,H
01.02.2023,Trabzonspor,Antalyaspor,6,13,57,41,36,36,17,11,6,8,13,17,64,46,54,55,H
02.02.2023,Konyaspor,İstanbulspor,8,12,51,41,36,36,12,12,15,5,9,19,49,47,41,63,A
02.02.2023,Kayserispor,Istanbul Basaksehir,9,5,47,62,36,36,15,18,5,8,16,10,55,54,61,37,H
02.02.2023,Adana Demirspor,Fenerbahce,4,2,69,80,36,36,20,25,9,5,7,6,76,87,45,42,D
04.02.2023,Ankaragucu,Fatih Karagümrük,11,7,42,51,36,36,12,13,6,12,18,11,43,75,53,63,A
04.02.2023,Sivasspor,Besiktas,14,3,41,78,36,36,11,23,8,9,17,4,46,78,54,36,H
04.02.2023,Antalyaspor,Gazişehir Gaziantep,13,18,41,25,36,36,11,6,8,7,17,23,46,31,55,72,H
05.02.2023,İstanbulspor,Alanyaspor,12,15,41,41,36,36,12,11,5,8,19,17,47,54,63,70,H
05.02.2023,Hatayspor,Kasimpasa,19,10,23,43,36,36,6,12,5,7,25,17,19,45,83,61,H
05.02.2023,Galatasaray,Trabzonspor,1,6,88,57,36,36,28,17,4,6,4,13,83,64,27,54,H
25.02.2023,Fenerbahce,Konyaspor,2,8,80,51,36,36,25,12,5,15,6,9,87,49,42,41,H
25.02.2023,Giresunspor,Kayserispor,16,9,40,47,36,36,10,15,10,5,16,16,42,55,60,61,A
26.02.2023,Ümraniyespor,Adana Demirspor,17,4,30,69,36,36,7,20,9,9,20,7,47,76,64,45,D
26.02.2023,Besiktas,Antalyaspor,3,13,78,41,36,36,23,11,9,8,4,17,78,46,36,55,D
03.03.2023,Alanyaspor,Istanbul Basaksehir,15,5,41,62,36,36,11,18,8,8,17,10,54,54,70,37,H
04.03.2023,Fatih Karagümrük,Sivasspor,7,14,51,41,36,36,13,11,12,8,11,17,75,46,63,54,H
04.03.2023,Trabzonspor,Ümraniyespor,6,17,57,30,36,36,17,7,6,9,13,20,64,47,54,64,A
04.03.2023,Kayserispor,Fenerbahce,9,2,47,80,36,36,15,25,5,5,16,6,55,87,61,42,A
05.03.2023,Konyaspor,Giresunspor,8,16,51,40,36,36,12,10,15,10,9,16,49,42,41,60,D
05.03.2023,Adana Demirspor,Hatayspor,4,19,69,23,36,36,20,6,9,5,7,25,76,19,45,83,H
05.03.2023,Besiktas,Ankaragucu,3,11,78,42,36,36,23,12,9,6,4,18,78,43,36,53,H
05.03.2023,Gazişehir Gaziantep,Galatasaray,18,1,25,88,36,36,6,28,7,4,23,4,31,83,72,27,A
06.03.2023,Kasimpasa,Antalyaspor,10,13,43,41,36,36,12,11,7,8,17,17,45,46,61,55,H
10.03.2023,Giresunspor,Fatih Karagümrük,16,7,40,51,36,36,10,13,10,12,16,11,42,75,60,63,D
11.03.2023,Antalyaspor,Kayserispor,13,9,41,47,36,36,11,15,8,5,17,16,46,55,55,61,H
11.03.2023,Galatasaray,Kasimpasa,1,10,88,43,36,36,28,12,4,7,4,17,83,45,27,61,H
12.03.2023,Ankaragucu,Alanyaspor,11,15,42,41,36,36,12,11,6,8,18,17,43,54,53,70,H
12.03.2023,Hatayspor,Konyaspor,19,8,23,51,36,36,6,12,5,15,25,9,19,49,83,41,A
12.03.2023,Trabzonspor,Adana Demirspor,6,4,57,69,36,36,17,20,6,9,13,7,64,76,54,45,H
12.03.2023,Ümraniyespor,Gazişehir Gaziantep,17,18,30,25,36,36,7,6,9,7,20,23,47,31,64,72,H
12.03.2023,Istanbul Basaksehir,Besiktas,5,3,62,78,36,36,18,23,8,9,10,4,54,78,37,36,A
13.03.2023,İstanbulspor,Sivasspor,12,14,41,41,36,36,12,11,5,8,19,17,47,46,63,54,H
17.03.2023,Konyaspor,Galatasaray,8,1,51,88,36,36,12,28,15,4,9,4,49,83,41,27,H
18.03.2023,Kasimpasa,Ümraniyespor,10,17,43,30,36,36,12,7,7,9,17,20,45,47,61,64,D
18.03.2023,Adana Demirspor,Antalyaspor,4,13,69,41,36,36,20,11,9,8,7,17,76,46,45,55,H
18.03.2023,Besiktas,İstanbulspor,3,12,78,41,36,36,23,12,9,5,4,19,78,47,36,63,H
19.03.2023,Kayserispor,Hatayspor,9,19,47,23,36,36,15,6,5,5,16,25,55,19,61,83,H
19.03.2023,Sivasspor,Ankaragucu,14,11,41,42,36,36,11,12,8,6,17,18,46,43,54,53,H
19.03.2023,Fatih Karagümrük,Istanbul Basaksehir,7,5,51,62,36,36,13,18,12,8,11,10,75,54,63,37,D
19.03.2023,Alanyaspor,Fenerbahce,15,2,41,80,36,36,11,25,8,5,17,6,54,87,70,42,A
01.04.2023,Istanbul Basaksehir,Ankaragucu,5,11,62,42,36,36,18,12,8,6,10,18,54,43,37,53,H
01.04.2023,Trabzonspor,Kayserispor,6,9,57,47,36,36,17,15,6,5,13,16,64,55,54,61,A
01.04.2023,Galatasaray,Adana Demirspor,1,4,88,69,36,36,28,20,4,9,4,7,83,76,27,45,H
02.04.2023,Gazişehir Gaziantep,Kasimpasa,18,10,25,43,36,36,6,12,7,7,23,17,31,45,72,61,A
02.04.2023,Hatayspor,Sivasspor,19,14,23,41,36,36,6,11,5,8,25,17,19,46,83,54,A
02.04.2023,Ümraniyespor,Konyaspor,17,8,30,51,36,36,7,12,9,15,20,9,47,49,64,41,D
02.04.2023,Giresunspor,Alanyaspor,16,15,40,41,36,36,10,11,10,8,16,17,42,54,60,70,D
02.04.2023,Fenerbahce,Besiktas,2,3,80,78,36,36,25,23,5,9,6,4,87,78,42,36,A
03.04.2023,İstanbulspor,Fatih Karagümrük,12,7,41,51,36,36,12,13,5,12,19,11,47,75,63,63,A
07.04.2023,Konyaspor,Antalyaspor,8,13,51,41,36,36,12,11,15,8,9,17,49,46,41,55,D
08.04.2023,Ankaragucu,İstanbulspor,11,12,42,41,36,36,12,12,6,5,18,19,43,47,53,63,H
08.04.2023,Kasimpasa,Trabzonspor,10,6,43,57,36,36,12,17,7,6,17,13,45,64,61,54,H
09.04.2023,Alanyaspor,Hatayspor,15,19,41,23,36,36,11,6,8,5,17,25,54,19,70,83,H
09.04.2023,Adana Demirspor,Gazişehir Gaziantep,4,18,69,25,36,36,20,6,9,7,7,23,76,31,45,72,H
09.04.2023,Sivasspor,Istanbul Basaksehir,14,5,41,62,36,36,11,18,8,8,17,10,46,54,54,37,D
09.04.2023,Besiktas,Giresunspor,3,16,78,40,36,36,23,10,9,10,4,16,78,42,36,60,H
10.04.2023,Kayserispor,Ümraniyespor,9,17,47,30,36,36,15,7,5,9,16,20,55,47,61,64,H
10.04.2023,Fatih Karagümrük,Fenerbahce,7,2,51,80,36,36,13,25,12,5,11,6,75,87,63,42,A
14.04.2023,Galatasaray,Kayserispor,1,9,88,47,36,36,28,15,4,5,4,16,83,55,27,61,H
14.04.2023,Antalyaspor,Alanyaspor,13,15,41,41,36,36,11,11,8,8,17,17,46,54,55,70,H
15.04.2023,Adana Demirspor,Kasimpasa,4,10,69,43,36,36,20,12,9,7,7,17,76,45,45,61,H
15.04.2023,İstanbulspor,Istanbul Basaksehir,12,5,41,62,36,36,12,18,5,8,19,10,47,54,63,37,H
15.04.2023,Fenerbahce,Ankaragucu,2,11,80,42,36,36,25,12,5,6,6,18,87,43,42,53,H
16.04.2023,Gazişehir Gaziantep,Konyaspor,18,8,25,51,36,36,6,12,7,15,23,9,31,49,72,41,A
16.04.2023,Hatayspor,Fatih Karagümrük,19,7,23,51,36,36,6,13,5,12,25,11,19,75,83,63,A
16.04.2023,Giresunspor,Sivasspor,16,14,40,41,36,36,10,11,10,8,16,17,42,46,60,54,H
16.04.2023,Trabzonspor,Besiktas,6,3,57,78,36,36,17,23,6,9,13,4,64,78,54,36,D
18.04.2023,Alanyaspor,Galatasaray,15,1,41,88,36,36,11,28,8,4,17,4,54,83,70,27,A
18.04.2023,Fatih Karagümrük,Ümraniyespor,7,17,51,30,36,36,13,7,12,9,11,20,75,47,63,64,H
19.04.2023,Besiktas,Hatayspor,3,19,78,23,36,36,23,6,9,5,4,25,78,19,36,83,H
19.04.2023,Kayserispor,Kasimpasa,9,10,47,43,36,36,15,12,5,7,16,17,55,45,61,61,D
19.04.2023,İstanbulspor,Antalyaspor,12,13,41,41,36,36,12,11,5,8,19,17,47,46,63,55,D
19.04.2023,Istanbul Basaksehir,Fenerbahce,5,2,62,80,36,36,18,25,8,5,10,6,54,87,37,42,A
19.04.2023,Konyaspor,Adana Demirspor,8,4,51,69,36,36,12,20,15,9,9,7,49,76,41,45,A
20.04.2023,Ankaragucu,Giresunspor,11,16,42,40,36,36,12,10,6,10,18,16,43,42,53,60,H
20.04.2023,Sivasspor,Trabzonspor,14,6,41,57,36,36,11,17,8,6,17,13,46,64,54,54,H
22.04.2023,Ümraniyespor,Besiktas,17,3,30,78,36,36,7,23,9,9,20,4,47,78,64,36,A
23.04.2023,Gazişehir Gaziantep,Alanyaspor,18,15,25,41,36,36,6,11,7,8,23,17,31,54,72,70,A
23.04.2023,Hatayspor,Ankaragucu,19,11,23,42,36,36,6,12,5,6,25,18,19,43,83,53,A
23.04.2023,Kasimpasa,Konyaspor,10,8,43,51,36,36,12,12,7,15,17,9,45,49,61,41,A
23.04.2023,Adana Demirspor,Kayserispor,4,9,69,47,36,36,20,15,9,5,7,16,76,55,45,61,H
23.04.2023,Galatasaray,Fatih Karagümrük,1,7,88,51,36,36,28,13,4,12,4,11,83,75,27,63,D
24.04.2023,Giresunspor,Istanbul Basaksehir,16,5,40,62,36,36,10,18,10,8,16,10,42,54,60,37,A
24.04.2023,Fenerbahce,İstanbulspor,2,12,80,41,36,36,25,12,5,5,6,19,87,47,42,63,D
24.04.2023,Antalyaspor,Sivasspor,13,14,41,41,36,36,11,11,8,8,17,17,46,46,55,54,A
28.04.2023,Alanyaspor,Ümraniyespor,15,17,41,30,36,36,11,7,8,9,17,20,54,47,70,64,H
29.04.2023,Konyaspor,Trabzonspor,8,6,51,57,36,36,12,17,15,6,9,13,49,64,41,54,H
29.04.2023,Fatih Karagümrük,Antalyaspor,7,13,51,41,36,36,13,11,12,8,11,17,75,46,63,55,A
29.04.2023,Sivasspor,Fenerbahce,14,2,41,80,36,36,11,25,8,5,17,6,46,87,54,42,A
29.04.2023,Ankaragucu,Kasimpasa,11,10,42,43,36,36,12,12,6,7,18,17,43,45,53,61,D
30.04.2023,Istanbul Basaksehir,Hatayspor,5,19,62,23,36,36,18,6,8,5,10,25,54,19,37,83,H
30.04.2023,Kayserispor,Gazişehir Gaziantep,9,18,47,25,36,36,15,6,5,7,16,23,55,31,61,72,H
30.04.2023,Besiktas,Galatasaray,3,1,78,88,36,36,23,28,9,4,4,4,78,83,36,27,H
01.05.2023,İstanbulspor,Giresunspor,12,16,41,40,36,36,12,10,5,10,19,16,47,42,63,60,H
06.05.2023,Antalyaspor,Besiktas,13,3,41,78,36,36,11,23,8,9,17,4,46,78,55,36,A
06.05.2023,Adana Demirspor,Alanyaspor,4,15,69,41,36,36,20,11,9,8,7,17,76,54,45,70,H
07.05.2023,Gazişehir Gaziantep,Fatih Karagümrük,18,7,25,51,36,36,6,13,7,12,23,11,31,75,72,63,A
07.05.2023,Hatayspor,İstanbulspor,19,12,23,41,36,36,6,12,5,5,25,19,19,47,83,63,A
07.05.2023,Ümraniyespor,Sivasspor,17,14,30,41,36,36,7,11,9,8,20,17,47,46,64,54,H
07.05.2023,Konyaspor,Kayserispor,8,9,51,47,36,36,12,15,15,5,9,16,49,55,41,61,D
07.05.2023,Giresunspor,Fenerbahce,16,2,40,80,36,36,10,25,10,5,16,6,42,87,60,42,D
08.05.2023,Galatasaray,Istanbul Basaksehir,1,5,88,62,36,36,28,18,4,8,4,10,83,54,27,37,H
08.05.2023,Trabzonspor,Ankaragucu,6,11,57,42,36,36,17,12,6,6,13,18,64,43,54,53,H
16.05.2023,Sivasspor,Kasimpasa,14,10,41,43,36,36,11,12,8,7,17,17,46,45,54,61,A
16.05.2023,Alanyaspor,Konyaspor,15,8,41,51,36,36,11,12,8,15,17,9,54,49,70,41,A
16.05.2023,İstanbulspor,Galatasaray,12,1,41,88,36,36,12,28,5,4,19,4,47,83,63,27,A
17.05.2023,Besiktas,Gazişehir Gaziantep,3,18,78,25,36,36,23,6,9,7,4,23,78,31,36,72,H
17.05.2023,Giresunspor,Hatayspor,16,19,40,23,36,36,10,6,10,5,16,25,42,19,60,83,H
17.05.2023,Istanbul Basaksehir,Ümraniyespor,5,17,62,30,36,36,18,7,8,9,10,20,54,47,37,64,D
17.05.2023,Ankaragucu,Antalyaspor,11,13,42,41,36,36,12,11,6,8,18,17,43,46,53,55,D
17.05.2023,Fatih Karagümrük,Adana Demirspor,7,4,51,69,36,36,13,20,12,9,11,7,75,76,63,45,A
18.05.2023,Fenerbahce,Trabzonspor,2,6,80,57,36,36,25,17,5,6,6,13,87,64,42,54,H
20.05.2023,Kasimpasa,İstanbulspor,10,12,43,41,36,36,12,12,7,5,17,19,45,47,61,63,H
20.05.2023,Galatasaray,Sivasspor,1,14,88,41,36,36,28,11,4,8,4,17,83,46,27,54,H
20.05.2023,Kayserispor,Alanyaspor,9,15,47,41,36,36,15,11,5,8,16,17,55,54,61,70,A
21.05.2023,Gazişehir Gaziantep,Giresunspor,18,16,25,40,36,36,6,10,7,10,23,16,31,42,72,60,A
21.05.2023,Hatayspor,Fenerbahce,19,2,23,80,36,36,6,25,5,5,25,6,19,87,83,42,A
21.05.2023,Ümraniyespor,Ankaragucu,17,11,30,42,36,36,7,12,9,6,20,18,47,43,64,53,A
21.05.2023,Antalyaspor,Istanbul Basaksehir,13,5,41,62,36,36,11,18,8,8,17,10,46,54,55,37,D
21.05.2023,Adana Demirspor,Besiktas,4,3,69,78,36,36,20,23,9,9,7,4,76,78,45,36,A
22.05.2023,Trabzonspor,Fatih Karagümrük,6,7,57,51,36,36,17,13,6,12,13,11,64,75,54,63,H
30.05.2023,Istanbul Basaksehir,Gazişehir Gaziantep,5,18,62,25,36,36,18,6,8,7,10,23,54,31,37,72,H
30.05.2023,Hatayspor,Ümraniyespor,19,17,23,30,36,36,6,7,5,9,25,20,19,47,83,64,A
30.05.2023,Fenerbahce,Antalyaspor,2,13,80,41,36,36,25,11,5,8,6,17,87,46,42,55,H
30.05.2023,Alanyaspor,Kasimpasa,15,10,41,43,36,36,11,12,8,7,17,17,54,45,70,61,A
30.05.2023,Sivasspor,Konyaspor,14,8,41,51,36,36,11,12,8,15,17,9,46,49,54,41,H
30.05.2023,Ankaragucu,Galatasaray,11,1,42,88,36,36,12,28,6,4,18,4,43,83,53,27,A
30.05.2023,Giresunspor,Trabzonspor,16,6,40,57,36,36,10,17,10,6,16,13,42,64,60,54,A
30.05.2023,İstanbulspor,Adana Demirspor,12,4,41,69,36,36,12,20,5,9,19,7,47,76,63,45,A
30.05.2023,Fatih Karagümrük,Kayserispor,7,9,51,47,36,36,13,15,12,5,11,16,75,55,63,61,H
03.06.2023,Antalyaspor,Hatayspor,13,19,41,23,36,36,11,6,8,5,17,25,46,19,55,83,H
03.06.2023,Gazişehir Gaziantep,İstanbulspor,18,12,25,41,36,36,6,12,7,5,23,19,31,47,72,63,A
03.06.2023,Konyaspor,Fatih Karagümrük,8,7,51,51,36,36,12,13,15,12,9,11,49,75,41,63,D
03.06.2023,Trabzonspor,Alanyaspor,6,15,57,41,36,36,17,11,6,8,13,17,64,54,54,70,H
03.06.2023,Kayserispor,Ankaragucu,9,11,47,42,36,36,15,12,5,6,16,18,55,43,61,53,A
03.06.2023,Kasimpasa,Besiktas,10,3,43,78,36,36,12,23,7,9,17,4,45,78,61,36,A
03.06.2023,Adana Demirspor,Istanbul Basaksehir,4,5,69,62,36,36,20,18,9,8,7,10,76,54,45,37,A
03.06.2023,Ümraniyespor,Giresunspor,17,16,30,40,36,36,7,10,9,10,20,16,47,42,64,60,A
04.06.2023,Galatasaray,Fenerbahce,1,2,88,80,36,36,28,25,4,5,4,6,83,87,27,42,H
06.06.2023,Sivasspor,Kayserispor,14,9,41,47,36,36,11,15,8,5,17,16,46,55,54,61,D
06.06.2023,Fatih Karagümrük,Kasimpasa,7,10,51,43,36,36,13,12,12,7,11,17,75,45,63,61,H
06.06.2023,Istanbul Basaksehir,Trabzonspor,5,6,62,57,36,36,18,17,8,6,10,13,54,64,37,54,H
07.06.2023,Fenerbahce,Gazişehir Gaziantep,2,18,80,25,36,36,25,6,5,7,6,23,87,31,42,72,H
07.06.2023,Hatayspor,Galatasaray,19,1,23,88,36,36,6,28,5,4,25,4,19,83,83,27,A
07.06.2023,Besiktas,Konyaspor,3,8,78,51,36,36,23,12,9,15,4,9,78,49,36,41,D
07.06.2023,Ankaragucu,Adana Demirspor,11,4,42,69,36,36,12,20,6,9,18,7,43,76,53,45,A
07.06.2023,Giresunspor,Antalyaspor,16,13,40,41,36,36,10,11,10,8,16,17,42,46,60,55,H
07.06.2023,İstanbulspor,Ümraniyespor,12,17,41,30,36,36,12,7,5,9,19,20,47,47,63,64,H
11.08.2023,Trabzonspor,Antalyaspor,3,10,67,49,38,38,21,12,4,13,13,13,69,44,50,49,H
12.08.2023,Konyaspor,İstanbulspor,16,20,41,16,38,38,9,4,14,7,15,27,40,27,53,80,D
12.08.2023,Kasimpasa,Ankaragucu,5,17,56,40,38,38,16,8,8,16,14,14,62,46,65,52,H
12.08.2023,Kayserispor,Galatasaray,14,1,42,102,38,38,11,33,12,3,15,2,44,92,57,26,D
12.08.2023,Pendikspor,Hatayspor,19,15,37,41,38,38,9,9,10,14,19,15,42,45,73,52,A
13.08.2023,Sivasspor,Samsunspor,7,13,54,43,38,38,14,11,12,10,12,17,47,42,54,52,D
13.08.2023,Fenerbahce,Gazişehir Gaziantep,2,11,99,44,38,38,31,12,6,8,1,18,99,50,31,57,H
13.08.2023,Adana Demirspor,Rizespor,12,9,44,50,38,38,10,14,14,8,14,16,54,48,61,58,H
14.08.2023,Alanyaspor,Istanbul Basaksehir,8,4,52,61,38,38,12,18,16,7,10,13,53,57,50,43,H
14.08.2023,Fatih Karagümrük,Besiktas,18,6,40,56,38,38,10,16,10,8,18,14,49,52,52,47,A
18.08.2023,Antalyaspor,Konyaspor,10,16,49,41,38,38,12,9,13,14,13,15,44,40,49,53,D
18.08.2023,İstanbulspor,Kayserispor,20,14,16,42,38,38,4,11,7,12,27,15,27,44,80,57,D
19.08.2023,Rizespor,Alanyaspor,9,8,50,52,38,38,14,12,8,16,16,10,48,53,58,50,D
19.08.2023,Galatasaray,Trabzonspor,1,3,102,67,38,38,33,21,3,4,2,13,92,69,26,50,H
19.08.2023,Hatayspor,Kasimpasa,15,5,41,56,38,38,9,16,14,8,15,14,45,62,52,65,D
20.08.2023,Istanbul Basaksehir,Fatih Karagümrük,4,18,61,40,38,38,18,10,7,10,13,18,57,49,43,52,A
20.08.2023,Besiktas,Pendikspor,6,19,56,37,38,38,16,9,8,10,14,19,52,42,47,73,D
20.08.2023,Gazişehir Gaziantep,Sivasspor,11,7,44,54,38,38,12,14,8,12,18,12,50,47,57,54,A
21.08.2023,Ankaragucu,Adana Demirspor,17,12,40,44,38,38,8,10,16,14,14,14,46,54,52,61,D
21.08.2023,Samsunspor,Fenerbahce,13,2,43,99,38,38,11,31,10,6,17,1,42,99,52,31,A
25.08.2023,Konyaspor,Gazişehir Gaziantep,16,11,41,44,38,38,9,12,14,8,15,18,40,50,53,57,H
26.08.2023,Trabzonspor,Rizespor,3,9,67,50,38,38,21,14,4,8,13,16,69,48,50,58,A
26.08.2023,Kasimpasa,Pendikspor,5,19,56,37,38,38,16,9,8,10,14,19,62,42,65,73,D
26.08.2023,Sivasspor,Antalyaspor,7,10,54,49,38,38,14,12,12,13,12,13,47,44,54,49,D
27.08.2023,Kayserispor,Samsunspor,14,13,42,43,38,38,11,11,12,10,15,17,44,42,57,52,H
27.08.2023,Fatih Karagümrük,Ankaragucu,18,17,40,40,38,38,10,8,10,16,18,14,49,46,52,52,D
27.08.2023,Alanyaspor,Hatayspor,8,15,52,41,38,38,12,9,16,14,10,15,53,45,50,52,D
01.09.2023,Kasimpasa,Trabzonspor,5,3,56,67,38,38,16,21,8,4,14,13,62,69,65,50,A
01.09.2023,Rizespor,Fatih Karagümrük,9,18,50,40,38,38,14,10,8,10,16,18,48,49,58,52,H
02.09.2023,Istanbul Basaksehir,Konyaspor,4,16,61,41,38,38,18,9,7,14,13,15,57,40,43,53,A
02.09.2023,Pendikspor,Alanyaspor,19,8,37,52,38,38,9,12,10,16,19,10,42,53,73,50,D
02.09.2023,Antalyaspor,Kayserispor,10,14,49,42,38,38,12,11,13,12,13,15,44,44,49,57,D
02.09.2023,Gazişehir Gaziantep,Galatasaray,11,1,44,102,38,38,12,33,8,3,18,2,50,92,57,26,A
03.09.2023,Besiktas,Sivasspor,6,7,56,54,38,38,16,14,8,12,14,12,52,47,47,54,H
03.09.2023,Ankaragucu,Fenerbahce,17,2,40,99,38,38,8,31,16,6,14,1,46,99,52,31,A
03.09.2023,Hatayspor,Adana Demirspor,15,12,41,44,38,38,9,10,14,14,15,14,45,54,52,61,D
16.09.2023,Konyaspor,Rizespor,16,9,41,50,38,38,9,14,14,8,15,16,40,48,53,58,A
16.09.2023,Kayserispor,Gazişehir Gaziantep,14,11,42,44,38,38,11,12,12,8,15,18,44,50,57,57,H
16.09.2023,Galatasaray,Samsunspor,1,13,102,43,38,38,33,11,3,10,2,17,92,42,26,52,H
16.09.2023,Adana Demirspor,Pendikspor,12,19,44,37,38,38,10,9,14,10,14,19,54,42,61,73,H
17.09.2023,Fenerbahce,Antalyaspor,2,10,99,49,38,38,31,12,6,13,1,13,99,44,31,49,H
17.09.2023,İstanbulspor,Istanbul Basaksehir,20,4,16,61,38,38,4,18,7,7,27,13,27,57,80,43,A
17.09.2023,Alanyaspor,Kasimpasa,8,5,52,56,38,38,12,16,16,8,10,14,53,62,50,65,D
17.09.2023,Trabzonspor,Besiktas,3,6,67,56,38,38,21,16,4,8,13,14,69,52,50,47,H
18.09.2023,Sivasspor,Ankaragucu,7,17,54,40,38,38,14,8,12,16,12,14,47,46,54,52,A
18.09.2023,Fatih Karagümrük,Hatayspor,18,15,40,41,38,38,10,9,10,14,18,15,49,45,52,52,D
22.09.2023,Gazişehir Gaziantep,İstanbulspor,11,20,44,16,38,38,12,4,8,7,18,27,50,27,57,80,H
23.09.2023,Rizespor,Sivasspor,9,7,50,54,38,38,14,14,8,12,16,12,48,47,58,54,D
23.09.2023,Pendikspor,Fatih Karagümrük,19,18,37,40,38,38,9,10,10,10,19,18,42,49,73,52,D
23.09.2023,Istanbul Basaksehir,Galatasaray,4,1,61,102,38,38,18,33,7,3,13,2,57,92,43,26,A
23.09.2023,Antalyaspor,Samsunspor,10,13,49,43,38,38,12,11,13,10,13,17,44,42,49,52,H
24.09.2023,Besiktas,Kayserispor,6,14,56,42,38,38,16,11,8,12,14,15,52,44,47,57,H
24.09.2023,Ankaragucu,Konyaspor,17,16,40,41,38,38,8,9,16,14,14,15,46,40,52,53,D
24.09.2023,Alanyaspor,Fenerbahce,8,2,52,99,38,38,12,31,16,6,10,1,53,99,50,31,A
24.09.2023,Kasimpasa,Adana Demirspor,5,12,56,44,38,38,16,10,8,14,14,14,62,54,65,61,H
25.09.2023,Hatayspor,Trabzonspor,15,3,41,67,38,38,9,21,14,4,15,13,45,69,52,50,H
26.09.2023,İstanbulspor,Galatasaray,20,1,16,102,38,38,4,33,7,3,27,2,27,92,80,26,A
27.09.2023,Adana Demirspor,Besiktas,12,6,44,56,38,38,10,16,14,8,14,14,54,52,61,47,H
28.09.2023,Fenerbahce,Istanbul Basaksehir,2,4,99,61,38,38,31,18,6,7,1,13,99,57,31,43,H
29.09.2023,Samsunspor,Gazişehir Gaziantep,13,11,43,44,38,38,11,12,10,8,17,18,42,50,52,57,A
30.09.2023,Sivasspor,Hatayspor,7,15,54,41,38,38,14,9,12,14,12,15,47,45,54,52,D
30.09.2023,Trabzonspor,Pendikspor,3,19,67,37,38,38,21,9,4,10,13,19,69,42,50,73,H
30.09.2023,İstanbulspor,Antalyaspor,20,10,16,49,38,38,4,12,7,13,27,13,27,44,80,49,A
30.09.2023,Galatasaray,Ankaragucu,1,17,102,40,38,38,33,8,3,16,2,14,92,46,26,52,H
01.10.2023,Fatih Karagümrük,Kasimpasa,18,5,40,56,38,38,10,16,10,8,18,14,49,62,52,65,A
01.10.2023,Fenerbahce,Rizespor,2,9,99,50,38,38,31,14,6,8,1,16,99,48,31,58,H
01.10.2023,Konyaspor,Besiktas,16,6,41,56,38,38,9,16,14,8,15,14,40,52,53,47,A
01.10.2023,Adana Demirspor,Alanyaspor,12,8,44,52,38,38,10,12,14,16,14,10,54,53,61,50,H
02.10.2023,Kayserispor,Istanbul Basaksehir,14,4,42,61,38,38,11,18,12,7,15,13,44,57,57,43,D
06.10.2023,Alanyaspor,Fatih Karagümrük,8,18,52,40,38,38,12,10,16,10,10,18,53,49,50,52,H
06.10.2023,Adana Demirspor,Trabzonspor,12,3,44,67,38,38,10,21,14,4,14,13,54,69,61,50,H
07.10.2023,Pendikspor,Sivasspor,19,7,37,54,38,38,9,14,10,12,19,12,42,47,73,54,A
07.10.2023,Ankaragucu,Kayserispor,17,14,40,42,38,38,8,11,16,12,14,15,46,44,52,57,H
07.10.2023,Istanbul Basaksehir,Gazişehir Gaziantep,4,11,61,44,38,38,18,12,7,8,13,18,57,50,43,57,H
07.10.2023,Antalyaspor,Galatasaray,10,1,49,102,38,38,12,33,13,3,13,2,44,92,49,26,A
08.10.2023,Rizespor,Samsunspor,9,13,50,43,38,38,14,11,8,10,16,17,48,42,58,52,H
08.10.2023,Besiktas,İstanbulspor,6,20,56,16,38,38,16,4,8,7,14,27,52,27,47,80,H
08.10.2023,Kasimpasa,Fenerbahce,5,2,56,99,38,38,16,31,8,6,14,1,62,99,65,31,A
08.10.2023,Hatayspor,Konyaspor,15,16,41,41,38,38,9,9,14,14,15,15,45,40,52,53,H
21.10.2023,Kayserispor,Rizespor,14,9,42,50,38,38,11,14,12,8,15,16,44,48,57,58,H
21.10.2023,Konyaspor,Pendikspor,16,19,41,37,38,38,9,9,14,10,15,19,40,42,53,73,A
21.10.2023,Gazişehir Gaziantep,Antalyaspor,11,10,44,49,38,38,12,12,8,13,18,13,50,44,57,49,H
21.10.2023,Galatasaray,Besiktas,1,6,102,56,38,38,33,16,3,8,2,14,92,52,26,47,H
22.10.2023,Sivasspor,Kasimpasa,7,5,54,56,38,38,14,16,12,8,12,14,47,62,54,65,A
22.10.2023,İstanbulspor,Ankaragucu,20,17,16,40,38,38,4,8,7,16,27,14,27,46,80,52,H
22.10.2023,Fenerbahce,Hatayspor,2,15,99,41,38,38,31,9,6,14,1,15,99,45,31,52,H
22.10.2023,Samsunspor,Istanbul Basaksehir,13,4,43,61,38,38,11,18,10,7,17,13,42,57,52,43,D
23.10.2023,Trabzonspor,Alanyaspor,3,8,67,52,38,38,21,12,4,16,13,10,69,53,50,50,H
23.10.2023,Fatih Karagümrük,Adana Demirspor,18,12,40,44,38,38,10,10,10,14,18,14,49,54,52,61,H
27.10.2023,Kasimpasa,İstanbulspor,5,20,56,16,38,38,16,4,8,7,14,27,62,27,65,80,H
27.10.2023,Hatayspor,Kayserispor,15,14,41,42,38,38,9,11,14,12,15,15,45,44,52,57,A
28.10.2023,Alanyaspor,Sivasspor,8,7,52,54,38,38,12,14,16,12,10,12,53,47,50,54,A
28.10.2023,Rizespor,Galatasaray,9,1,50,102,38,38,14,33,8,3,16,2,48,92,58,26,A
28.10.2023,Adana Demirspor,Konyaspor,12,16,44,41,38,38,10,9,14,14,14,15,54,40,61,53,H
29.10.2023,Fatih Karagümrük,Trabzonspor,18,3,40,67,38,38,10,21,10,4,18,13,49,69,52,50,D
29.10.2023,Antalyaspor,Istanbul Basaksehir,10,4,49,61,38,38,12,18,13,7,13,13,44,57,49,43,H
29.10.2023,Ankaragucu,Samsunspor,17,13,40,43,38,38,8,11,16,10,14,17,46,42,52,52,H
29.10.2023,Pendikspor,Fenerbahce,19,2,37,99,38,38,9,31,10,6,19,1,42,99,73,31,A
30.10.2023,Besiktas,Gazişehir Gaziantep,6,11,56,44,38,38,16,12,8,8,14,18,52,50,47,57,H
03.11.2023,Galatasaray,Kasimpasa,1,5,102,56,38,38,33,16,3,8,2,14,92,62,26,65,H
04.11.2023,İstanbulspor,Pendikspor,20,19,16,37,38,38,4,9,7,10,27,19,27,42,80,73,A
04.11.2023,Samsunspor,Hatayspor,13,15,43,41,38,38,11,9,10,14,17,15,42,45,52,52,H
04.11.2023,Fenerbahce,Trabzonspor,2,3,99,67,38,38,31,21,6,4,1,13,99,69,31,50,A
05.11.2023,Sivasspor,Adana Demirspor,7,12,54,44,38,38,14,10,12,14,12,14,47,54,54,61,D
05.11.2023,Istanbul Basaksehir,Ankaragucu,4,17,61,40,38,38,18,8,7,16,13,14,57,46,43,52,D
05.11.2023,Konyaspor,Fatih Karagümrük,16,18,41,40,38,38,9,10,14,10,15,18,40,49,53,52,D
05.11.2023,Antalyaspor,Besiktas,10,6,49,56,38,38,12,16,13,8,13,14,44,52,49,47,H
06.11.2023,Kayserispor,Alanyaspor,14,8,42,52,38,38,11,12,12,16,15,10,44,53,57,50,H
06.11.2023,Gazişehir Gaziantep,Rizespor,11,9,44,50,38,38,12,14,8,8,18,16,50,48,57,58,H
08.11.2023,Samsunspor,İstanbulspor,13,20,43,16,38,38,11,4,10,7,17,27,42,27,52,80,H
10.11.2023,Trabzonspor,Konyaspor,3,16,67,41,38,38,21,9,4,14,13,15,69,40,50,53,H
10.11.2023,Ankaragucu,Antalyaspor,17,10,40,49,38,38,8,12,16,13,14,13,46,44,52,49,A
11.11.2023,Kasimpasa,Kayserispor,5,14,56,42,38,38,16,11,8,12,14,15,62,44,65,57,A
11.11.2023,Alanyaspor,Gazişehir Gaziantep,8,11,52,44,38,38,12,12,16,8,10,18,53,50,50,57,A
11.11.2023,Fatih Karagümrük,Sivasspor,18,7,40,54,38,38,10,14,10,12,18,12,49,47,52,54,H
11.11.2023,Hatayspor,Galatasaray,15,1,41,102,38,38,9,33,14,3,15,2,45,92,52,26,H
12.11.2023,Pendikspor,Samsunspor,19,13,37,43,38,38,9,11,10,10,19,17,42,42,73,52,H
12.11.2023,Besiktas,Istanbul Basaksehir,6,4,56,61,38,38,16,18,8,7,14,13,52,57,47,43,H
12.11.2023,Rizespor,İstanbulspor,9,20,50,16,38,38,14,4,8,7,16,27,48,27,58,80,H
12.11.2023,Adana Demirspor,Fenerbahce,12,2,44,99,38,38,10,31,14,6,14,1,54,99,61,31,D
25.11.2023,İstanbulspor,Hatayspor,20,15,16,41,38,38,4,9,7,14,27,15,27,45,80,52,H
25.11.2023,Konyaspor,Kasimpasa,16,5,41,56,38,38,9,16,14,8,15,14,40,62,53,65,H
25.11.2023,Gazişehir Gaziantep,Ankaragucu,11,17,44,40,38,38,12,8,8,16,18,14,50,46,57,52,A
25.11.2023,Galatasaray,Alanyaspor,1,8,102,52,38,38,33,12,3,16,2,10,92,53,26,50,H
26.11.2023,Kayserispor,Adana Demirspor,14,12,42,44,38,38,11,10,12,14,15,14,44,54,57,61,D
26.11.2023,Antalyaspor,Rizespor,10,9,49,50,38,38,12,14,13,8,13,16,44,48,49,58,D
26.11.2023,Samsunspor,Besiktas,13,6,43,56,38,38,11,16,10,8,17,14,42,52,52,47,A
26.11.2023,Fenerbahce,Fatih Karagümrük,2,18,99,40,38,38,31,10,6,10,1,18,99,49,31,52,H
27.11.2023,Istanbul Basaksehir,Pendikspor,4,19,61,37,38,38,18,9,7,10,13,19,57,42,43,73,H
27.11.2023,Sivasspor,Trabzonspor,7,3,54,67,38,38,14,21,12,4,12,13,47,69,54,50,D
01.12.2023,Hatayspor,Antalyaspor,15,10,41,49,38,38,9,12,14,13,15,13,45,44,52,49,D
01.12.2023,Fatih Karagümrük,İstanbulspor,18,20,40,16,38,38,10,4,10,7,18,27,49,27,52,80,H
02.12.2023,Alanyaspor,Konyaspor,8,16,52,41,38,38,12,9,16,14,10,15,53,40,50,53,D
02.12.2023,Rizespor,Istanbul Basaksehir,9,4,50,61,38,38,14,18,8,7,16,13,48,57,58,43,H
02.12.2023,Adana Demirspor,Samsunspor,12,13,44,43,38,38,10,11,14,10,14,17,54,42,61,52,A
02.12.2023,Pendikspor,Galatasaray,19,1,37,102,38,38,9,33,10,3,19,2,42,92,73,26,A
03.12.2023,Kasimpasa,Gazişehir Gaziantep,5,11,56,44,38,38,16,12,8,8,14,18,62,50,65,57,H
03.12.2023,Trabzonspor,Kayserispor,3,14,67,42,38,38,21,11,4,12,13,15,69,44,50,57,A
03.12.2023,Ankaragucu,Besiktas,17,6,40,56,38,38,8,16,16,8,14,14,46,52,52,47,D
04.12.2023,Fenerbahce,Sivasspor,2,7,99,54,38,38,31,14,6,12,1,12,99,47,31,54,H
08.12.2023,Galatasaray,Adana Demirspor,1,12,102,44,38,38,33,10,3,14,2,14,92,54,26,61,H
09.12.2023,Antalyaspor,Fatih Karagümrük,10,18,49,40,38,38,12,10,13,10,13,18,44,49,49,52,H
09.12.2023,Samsunspor,Kasimpasa,13,5,43,56,38,38,11,16,10,8,17,14,42,62,52,65,H
09.12.2023,Besiktas,Fenerbahce,6,2,56,99,38,38,16,31,8,6,14,1,52,99,47,31,A
10.12.2023,İstanbulspor,Alanyaspor,20,8,16,52,38,38,4,12,7,16,27,10,27,53,80,50,A
10.12.2023,Istanbul Basaksehir,Hatayspor,4,15,61,41,38,38,18,9,7,14,13,15,57,45,43,52,H
10.12.2023,Kayserispor,Pendikspor,14,19,42,37,38,38,11,9,12,10,15,19,44,42,57,73,H
10.12.2023,Gazişehir Gaziantep,Trabzonspor,11,3,44,67,38,38,12,21,8,4,18,13,50,69,57,50,A
11.12.2023,Konyaspor,Sivasspor,16,7,41,54,38,38,9,14,14,12,15,12,40,47,53,54,A
11.12.2023,Ankaragucu,Rizespor,17,9,40,50,38,38,8,14,16,8,14,16,46,48,52,58,D
19.12.2023,Istanbul Basaksehir,Sivasspor,4,7,61,54,38,38,18,14,7,12,13,12,57,47,43,54,H
19.12.2023,Gazişehir Gaziantep,Adana Demirspor,11,12,44,44,38,38,12,10,8,14,18,14,50,54,57,61,D
19.12.2023,İstanbulspor,Trabzonspor,20,3,16,67,38,38,4,21,7,4,27,13,27,69,80,50,A
20.12.2023,Kayserispor,Fenerbahce,14,2,42,99,38,38,11,31,12,6,15,1,44,99,57,31,A
20.12.2023,Galatasaray,Fatih Karagümrük,1,18,102,40,38,38,33,10,3,10,2,18,92,49,26,52,H
20.12.2023,Antalyaspor,Kasimpasa,10,5,49,56,38,38,12,16,13,8,13,14,44,62,49,65,D
21.12.2023,Rizespor,Pendikspor,9,19,50,37,38,38,14,9,8,10,16,19,48,42,58,73,H
21.12.2023,Samsunspor,Konyaspor,13,16,43,41,38,38,11,9,10,14,17,15,42,40,52,53,D
21.12.2023,Besiktas,Alanyaspor,6,8,56,52,38,38,16,12,8,16,14,10,52,53,47,50,A
21.12.2023,Ankaragucu,Hatayspor,17,15,40,41,38,38,8,9,16,14,14,15,46,45,52,52,D
23.12.2023,Sivasspor,İstanbulspor,7,20,54,16,38,38,14,4,12,7,12,27,47,27,54,80,H
23.12.2023,Fatih Karagümrük,Gazişehir Gaziantep,18,11,40,44,38,38,10,12,10,8,18,18,49,50,52,57,A
23.12.2023,Trabzonspor,Istanbul Basaksehir,3,4,67,61,38,38,21,18,4,7,13,13,69,57,50,43,D
24.12.2023,Konyaspor,Kayserispor,16,14,41,42,38,38,9,11,14,12,15,15,40,44,53,57,H
24.12.2023,Adana Demirspor,Antalyaspor,12,10,44,49,38,38,10,12,14,13,14,13,54,44,61,49,H
24.12.2023,Fenerbahce,Galatasaray,2,1,99,102,38,38,31,33,6,3,1,2,99,92,31,26,D
25.12.2023,Alanyaspor,Samsunspor,8,13,52,43,38,38,12,11,16,10,10,17,53,42,50,52,H
25.12.2023,Kasimpasa,Rizespor,5,9,56,50,38,38,16,14,8,8,14,16,62,48,65,58,D
25.12.2023,Hatayspor,Besiktas,15,6,41,56,38,38,9,16,14,8,15,14,45,52,52,47,A
25.12.2023,Pendikspor,Ankaragucu,19,17,37,40,38,38,9,8,10,16,19,14,42,46,73,52,D
05.01.2024,Gazişehir Gaziantep,Pendikspor,11,19,44,37,38,38,12,9,8,10,18,19,50,42,57,73,D
05.01.2024,Besiktas,Kasimpasa,6,5,56,56,38,38,16,16,8,8,14,14,52,62,47,65,A
05.01.2024,Antalyaspor,Alanyaspor,10,8,49,52,38,38,12,12,13,16,13,10,44,53,49,50,D
06.01.2024,Rizespor,Hatayspor,9,15,50,41,38,38,14,9,8,14,16,15,48,45,58,52,H
06.01.2024,Istanbul Basaksehir,Adana Demirspor,4,12,61,44,38,38,18,10,7,14,13,14,57,54,43,61,D
06.01.2024,Ankaragucu,Trabzonspor,17,3,40,67,38,38,8,21,16,4,14,13,46,69,52,50,A
06.01.2024,Samsunspor,Fatih Karagümrük,13,18,43,40,38,38,11,10,10,10,17,18,42,49,52,52,H
07.01.2024,Kayserispor,Sivasspor,14,7,42,54,38,38,11,14,12,12,15,12,44,47,57,54,A
07.01.2024,İstanbulspor,Fenerbahce,20,2,16,99,38,38,4,31,7,6,27,1,27,99,80,31,A
07.01.2024,Galatasaray,Konyaspor,1,16,102,41,38,38,33,9,3,14,2,15,92,40,26,53,H
09.01.2024,Alanyaspor,Ankaragucu,8,17,52,40,38,38,12,8,16,16,10,14,53,46,50,52,D
09.01.2024,Pendikspor,Antalyaspor,19,10,37,49,38,38,9,12,10,13,19,13,42,44,73,49,A
09.01.2024,Kasimpasa,Istanbul Basaksehir,5,4,56,61,38,38,16,18,8,7,14,13,62,57,65,43,A
09.01.2024,Rizespor,Besiktas,9,6,50,56,38,38,14,16,8,8,16,14,48,52,58,47,A
10.01.2024,Hatayspor,Gazişehir Gaziantep,15,11,41,44,38,38,9,12,14,8,15,18,45,50,52,57,D
10.01.2024,Fatih Karagümrük,Kayserispor,18,14,40,42,38,38,10,11,10,12,18,15,49,44,52,57,H
10.01.2024,Fenerbahce,Konyaspor,2,16,99,41,38,38,31,9,6,14,1,15,99,40,31,53,H
10.01.2024,Adana Demirspor,İstanbulspor,12,20,44,16,38,38,10,4,14,7,14,27,54,27,61,80,D
11.01.2024,Sivasspor,Galatasaray,7,1,54,102,38,38,14,33,12,3,12,2,47,92,54,26,D
11.01.2024,Trabzonspor,Samsunspor,3,13,67,43,38,38,21,11,4,10,13,17,69,42,50,52,H
13.01.2024,Ankaragucu,Kasimpasa,17,5,40,56,38,38,8,16,16,8,14,14,46,62,52,65,H
13.01.2024,Hatayspor,Pendikspor,15,19,41,37,38,38,9,9,14,10,15,19,45,42,52,73,D
13.01.2024,Istanbul Basaksehir,Alanyaspor,4,8,61,52,38,38,18,12,7,16,13,10,57,53,43,50,H
13.01.2024,Besiktas,Fatih Karagümrük,6,18,56,40,38,38,16,10,8,10,14,18,52,49,47,52,H
13.01.2024,Rizespor,Adana Demirspor,9,12,50,44,38,38,14,10,8,14,16,14,48,54,58,61,H
14.01.2024,İstanbulspor,Konyaspor,20,16,16,41,38,38,4,9,7,14,27,15,27,40,80,53,D
14.01.2024,Antalyaspor,Trabzonspor,10,3,49,67,38,38,12,21,13,4,13,13,44,69,49,50,D
14.01.2024,Samsunspor,Sivasspor,13,7,43,54,38,38,11,14,10,12,17,12,42,47,52,54,H
14.01.2024,Gazişehir Gaziantep,Fenerbahce,11,2,44,99,38,38,12,31,8,6,18,1,50,99,57,31,A
15.01.2024,Galatasaray,Kayserispor,1,14,102,42,38,38,33,11,3,12,2,15,92,44,26,57,H
20.01.2024,Kasimpasa,Hatayspor,5,15,56,41,38,38,16,9,8,14,14,15,62,45,65,52,H
20.01.2024,Alanyaspor,Rizespor,8,9,52,50,38,38,12,14,16,8,10,16,53,48,50,58,H
20.01.2024,Fatih Karagümrük,Istanbul Basaksehir,18,4,40,61,38,38,10,18,10,7,18,13,49,57,52,43,D
20.01.2024,Adana Demirspor,Ankaragucu,12,17,44,40,38,38,10,8,14,16,14,14,54,46,61,52,D
20.01.2024,Pendikspor,Besiktas,19,6,37,56,38,38,9,16,10,8,19,14,42,52,73,47,H
21.01.2024,Sivasspor,Gazişehir Gaziantep,7,11,54,44,38,38,14,12,12,8,12,18,47,50,54,57,D
21.01.2024,Konyaspor,Antalyaspor,16,10,41,49,38,38,9,12,14,13,15,13,40,44,53,49,D
21.01.2024,Fenerbahce,Samsunspor,2,13,99,43,38,38,31,11,6,10,1,17,99,42,31,52,D
21.01.2024,Trabzonspor,Galatasaray,3,1,67,102,38,38,21,33,4,3,13,2,69,92,50,26,A
22.01.2024,Kayserispor,İstanbulspor,14,20,42,16,38,38,11,4,12,7,15,27,44,27,57,80,A
23.01.2024,Hatayspor,Alanyaspor,15,8,41,52,38,38,9,12,14,16,15,10,45,53,52,50,D
23.01.2024,Besiktas,Adana Demirspor,6,12,56,44,38,38,16,10,8,14,14,14,52,54,47,61,D
23.01.2024,Pendikspor,Kasimpasa,19,5,37,56,38,38,9,16,10,8,19,14,42,62,73,65,H
24.01.2024,Ankaragucu,Fatih Karagümrük,17,18,40,40,38,38,8,10,16,10,14,18,46,49,52,52,H
24.01.2024,Gazişehir Gaziantep,Konyaspor,11,16,44,41,38,38,12,9,8,14,18,15,50,40,57,53,D
24.01.2024,Istanbul Basaksehir,Fenerbahce,4,2,61,99,38,38,18,31,7,6,13,1,57,99,43,31,A
24.01.2024,Antalyaspor,Sivasspor,10,7,49,54,38,38,12,14,13,12,13,12,44,47,49,54,H
25.01.2024,Samsunspor,Kayserispor,13,14,43,42,38,38,11,11,10,12,17,15,42,44,52,57,H
25.01.2024,Galatasaray,İstanbulspor,1,20,102,16,38,38,33,4,3,7,2,27,92,27,26,80,H
25.01.2024,Rizespor,Trabzonspor,9,3,50,67,38,38,14,21,8,4,16,13,48,69,58,50,H
27.01.2024,Alanyaspor,Pendikspor,8,19,52,37,38,38,12,9,16,10,10,19,53,42,50,73,D
27.01.2024,Adana Demirspor,Hatayspor,12,15,44,41,38,38,10,9,14,14,14,15,54,45,61,52,A
28.01.2024,Konyaspor,Istanbul Basaksehir,16,4,41,61,38,38,9,18,14,7,15,13,40,57,53,43,A
28.01.2024,Sivasspor,Besiktas,7,6,54,56,38,38,14,16,12,8,12,14,47,52,54,47,H
28.01.2024,Fatih Karagümrük,Rizespor,18,9,40,50,38,38,10,14,10,8,18,16,49,48,52,58,H
28.01.2024,Fenerbahce,Ankaragucu,2,17,99,40,38,38,31,8,6,16,1,14,99,46,31,52,H
29.01.2024,Kayserispor,Antalyaspor,14,10,42,49,38,38,11,12,12,13,15,13,44,44,57,49,D
29.01.2024,İstanbulspor,Samsunspor,20,13,16,43,38,38,4,11,7,10,27,17,27,42,80,52,D
29.01.2024,Galatasaray,Gazişehir Gaziantep,1,11,102,44,38,38,33,12,3,8,2,18,92,50,26,57,H
29.01.2024,Trabzonspor,Kasimpasa,3,5,67,56,38,38,21,16,4,8,13,14,69,62,50,65,A
02.02.2024,Ankaragucu,Sivasspor,17,7,40,54,38,38,8,14,16,12,14,12,46,47,52,54,D
02.02.2024,Hatayspor,Fatih Karagümrük,15,18,41,40,38,38,9,10,14,10,15,18,45,49,52,52,H
02.02.2024,Samsunspor,Galatasaray,13,1,43,102,38,38,11,33,10,3,17,2,42,92,52,26,A
03.02.2024,Rizespor,Konyaspor,9,16,50,41,38,38,14,9,8,14,16,15,48,40,58,53,D
03.02.2024,Istanbul Basaksehir,İstanbulspor,4,20,61,16,38,38,18,4,7,7,13,27,57,27,43,80,H
03.02.2024,Antalyaspor,Fenerbahce,10,2,49,99,38,38,12,31,13,6,13,1,44,99,49,31,A
03.02.2024,Gazişehir Gaziantep,Kayserispor,11,14,44,42,38,38,12,11,8,12,18,15,50,44,57,57,D
04.02.2024,Pendikspor,Adana Demirspor,19,12,37,44,38,38,9,10,10,14,19,14,42,54,73,61,H
04.02.2024,Kasimpasa,Alanyaspor,5,8,56,52,38,38,16,12,8,16,14,10,62,53,65,50,H
04.02.2024,Besiktas,Trabzonspor,6,3,56,67,38,38,16,21,8,4,14,13,52,69,47,50,H
09.02.2024,Adana Demirspor,Kasimpasa,12,5,44,56,38,38,10,16,14,8,14,14,54,62,61,65,A
10.02.2024,Fatih Karagümrük,Pendikspor,18,19,40,37,38,38,10,9,10,10,18,19,49,42,52,73,H
10.02.2024,Galatasaray,Istanbul Basaksehir,1,4,102,61,38,38,33,18,3,7,2,13,92,57,26,43,H
11.02.2024,Sivasspor,Rizespor,7,9,54,50,38,38,14,14,12,8,12,16,47,48,54,58,H
11.02.2024,Konyaspor,Ankaragucu,16,17,41,40,38,38,9,8,14,16,15,14,40,46,53,52,H
11.02.2024,İstanbulspor,Gazişehir Gaziantep,20,11,16,44,38,38,4,12,7,8,27,18,27,50,80,57,A
11.02.2024,Fenerbahce,Alanyaspor,2,8,99,52,38,38,31,12,6,16,1,10,99,53,31,50,D
12.02.2024,Trabzonspor,Hatayspor,3,15,67,41,38,38,21,9,4,14,13,15,69,45,50,52,H
12.02.2024,Kayserispor,Besiktas,14,6,42,56,38,38,11,16,12,8,15,14,44,52,57,47,D
12.02.2024,Samsunspor,Antalyaspor,13,10,43,49,38,38,11,12,10,13,17,13,42,44,52,49,H
16.02.2024,Kasimpasa,Fatih Karagümrük,5,18,56,40,38,38,16,10,8,10,14,18,62,49,65,52,D
17.02.2024,Antalyaspor,İstanbulspor,10,20,49,16,38,38,12,4,13,7,13,27,44,27,49,80,D
17.02.2024,Hatayspor,Sivasspor,15,7,41,54,38,38,9,14,14,12,15,12,45,47,52,54,D
17.02.2024,Rizespor,Fenerbahce,9,2,50,99,38,38,14,31,8,6,16,1,48,99,58,31,A
18.02.2024,Alanyaspor,Adana Demirspor,8,12,52,44,38,38,12,10,16,14,10,14,53,54,50,61,D
18.02.2024,Gazişehir Gaziantep,Samsunspor,11,13,44,43,38,38,12,11,8,10,18,17,50,42,57,52,D
18.02.2024,Pendikspor,Trabzonspor,19,3,37,67,38,38,9,21,10,4,19,13,42,69,73,50,A
18.02.2024,Ankaragucu,Galatasaray,17,1,40,102,38,38,8,33,16,3,14,2,46,92,52,26,A
19.02.2024,Besiktas,Konyaspor,6,16,56,41,38,38,16,9,8,14,14,15,52,40,47,53,H
19.02.2024,Istanbul Basaksehir,Kayserispor,4,14,61,42,38,38,18,11,7,12,13,15,57,44,43,57,A
23.02.2024,Samsunspor,Rizespor,13,9,43,50,38,38,11,14,10,8,17,16,42,48,52,58,H
24.02.2024,Kayserispor,Ankaragucu,14,17,42,40,38,38,11,8,12,16,15,14,44,46,57,52,H
24.02.2024,Gazişehir Gaziantep,Istanbul Basaksehir,11,4,44,61,38,38,12,18,8,7,18,13,50,57,57,43,A
24.02.2024,Konyaspor,Hatayspor,16,15,41,41,38,38,9,9,14,14,15,15,40,45,53,52,H
24.02.2024,Fenerbahce,Kasimpasa,2,5,99,56,38,38,31,16,6,8,1,14,99,62,31,65,H
25.02.2024,Sivasspor,Pendikspor,7,19,54,37,38,38,14,9,12,10,12,19,47,42,54,73,H
25.02.2024,Trabzonspor,Adana Demirspor,3,12,67,44,38,38,21,10,4,14,13,14,69,54,50,61,H
25.02.2024,Fatih Karagümrük,Alanyaspor,18,8,40,52,38,38,10,12,10,16,18,10,49,53,52,50,D
25.02.2024,İstanbulspor,Besiktas,20,6,16,56,38,38,4,16,7,8,27,14,27,52,80,47,A
26.02.2024,Galatasaray,Antalyaspor,1,10,102,49,38,38,33,12,3,13,2,13,92,44,26,49,H
01.03.2024,Kasimpasa,Sivasspor,5,7,56,54,38,38,16,14,8,12,14,12,62,47,65,54,D
02.03.2024,Ankaragucu,İstanbulspor,17,20,40,16,38,38,8,4,16,7,14,27,46,27,52,80,D
02.03.2024,Rizespor,Kayserispor,9,14,50,42,38,38,14,11,8,12,16,15,48,44,58,57,H
02.03.2024,Hatayspor,Fenerbahce,15,2,41,99,38,38,9,31,14,6,15,1,45,99,52,31,A
03.03.2024,Istanbul Basaksehir,Samsunspor,4,13,61,43,38,38,18,11,7,10,13,17,57,42,43,52,H
03.03.2024,Pendikspor,Konyaspor,19,16,37,41,38,38,9,9,10,14,19,15,42,40,73,53,A
03.03.2024,Besiktas,Galatasaray,6,1,56,102,38,38,16,33,8,3,14,2,52,92,47,26,A
04.03.2024,Adana Demirspor,Fatih Karagümrük,12,18,44,40,38,38,10,10,14,10,14,18,54,49,61,52,H
04.03.2024,Alanyaspor,Trabzonspor,8,3,52,67,38,38,12,21,16,4,10,13,53,69,50,50,H
04.03.2024,Antalyaspor,Gazişehir Gaziantep,10,11,49,44,38,38,12,12,13,8,13,18,44,50,49,57,H
08.03.2024,Galatasaray,Rizespor,1,9,102,50,38,38,33,14,3,8,2,16,92,48,26,58,H
09.03.2024,Sivasspor,Alanyaspor,7,8,54,52,38,38,14,12,12,16,12,10,47,53,54,50,A
09.03.2024,Konyaspor,Adana Demirspor,16,12,41,44,38,38,9,10,14,14,15,14,40,54,53,61,D
09.03.2024,Istanbul Basaksehir,Antalyaspor,4,10,61,49,38,38,18,12,7,13,13,13,57,44,43,49,H
09.03.2024,Trabzonspor,Fatih Karagümrük,3,18,67,40,38,38,21,10,4,10,13,18,69,49,50,52,H
10.03.2024,Kayserispor,Hatayspor,14,15,42,41,38,38,11,9,12,14,15,15,44,45,57,52,D
10.03.2024,İstanbulspor,Kasimpasa,20,5,16,56,38,38,4,16,7,8,27,14,27,62,80,65,A
10.03.2024,Samsunspor,Ankaragucu,13,17,43,40,38,38,11,8,10,16,17,14,42,46,52,52,H
10.03.2024,Fenerbahce,Pendikspor,2,19,99,37,38,38,31,9,6,10,1,19,99,42,31,73,H
11.03.2024,Gazişehir Gaziantep,Besiktas,11,6,44,56,38,38,12,16,8,8,18,14,50,52,57,47,H
15.03.2024,Fatih Karagümrük,Konyaspor,18,16,40,41,38,38,10,9,10,14,18,15,49,40,52,53,D
15.03.2024,Pendikspor,İstanbulspor,19,20,37,16,38,38,9,4,10,7,19,27,42,27,73,80,H
16.03.2024,Alanyaspor,Kayserispor,8,14,52,42,38,38,12,11,16,12,10,15,53,44,50,57,H
16.03.2024,Ankaragucu,Istanbul Basaksehir,17,4,40,61,38,38,8,18,16,7,14,13,46,57,52,43,H
16.03.2024,Besiktas,Antalyaspor,6,10,56,49,38,38,16,12,8,13,14,13,52,44,47,49,A
16.03.2024,Adana Demirspor,Sivasspor,12,7,44,54,38,38,10,14,14,12,14,12,54,47,61,54,H
17.03.2024,Rizespor,Gazişehir Gaziantep,9,11,50,44,38,38,14,12,8,8,16,18,48,50,58,57,H
17.03.2024,Kasimpasa,Galatasaray,5,1,56,102,38,38,16,33,8,3,14,2,62,92,65,26,A
17.03.2024,Hatayspor,Samsunspor,15,13,41,43,38,38,9,11,14,10,15,17,45,42,52,52,H
17.03.2024,Trabzonspor,Fenerbahce,3,2,67,99,38,38,21,31,4,6,13,1,69,99,50,31,A
02.04.2024,İstanbulspor,Rizespor,20,9,16,50,38,38,4,14,7,8,27,16,27,48,80,58,A
02.04.2024,Galatasaray,Hatayspor,1,15,102,41,38,38,33,9,3,14,2,15,92,45,26,52,H
02.04.2024,Antalyaspor,Ankaragucu,10,17,49,40,38,38,12,8,13,16,13,14,44,46,49,52,D
02.04.2024,Gazişehir Gaziantep,Alanyaspor,11,8,44,52,38,38,12,12,8,16,18,10,50,53,57,50,A
03.04.2024,Sivasspor,Fatih Karagümrük,7,18,54,40,38,38,14,10,12,10,12,18,47,49,54,52,H
03.04.2024,Konyaspor,Trabzonspor,16,3,41,67,38,38,9,21,14,4,15,13,40,69,53,50,A
03.04.2024,Fenerbahce,Adana Demirspor,2,12,99,44,38,38,31,10,6,14,1,14,99,54,31,61,H
03.04.2024,Kayserispor,Kasimpasa,14,5,42,56,38,38,11,16,12,8,15,14,44,62,57,65,A
04.04.2024,Istanbul Basaksehir,Besiktas,4,6,61,56,38,38,18,16,7,8,13,14,57,52,43,47,D
04.04.2024,Samsunspor,Pendikspor,13,19,43,37,38,38,11,9,10,10,17,19,42,42,52,73,D
12.04.2024,Trabzonspor,Sivasspor,3,7,67,54,38,38,21,14,4,12,13,12,69,47,50,54,A
13.04.2024,Kasimpasa,Konyaspor,5,16,56,41,38,38,16,9,8,14,14,15,62,40,65,53,A
13.04.2024,Ankaragucu,Gazişehir Gaziantep,17,11,40,44,38,38,8,12,16,8,14,18,46,50,52,57,H
13.04.2024,Besiktas,Samsunspor,6,13,56,43,38,38,16,11,8,10,14,17,52,42,47,52,D
13.04.2024,Adana Demirspor,Kayserispor,12,14,44,42,38,38,10,11,14,12,14,15,54,44,61,57,D
14.04.2024,Pendikspor,Istanbul Basaksehir,19,4,37,61,38,38,9,18,10,7,19,13,42,57,73,43,A
14.04.2024,Rizespor,Antalyaspor,9,10,50,49,38,38,14,12,8,13,16,13,48,44,58,49,H
14.04.2024,Hatayspor,İstanbulspor,15,20,41,16,38,38,9,4,14,7,15,27,45,27,52,80,A
14.04.2024,Fatih Karagümrük,Fenerbahce,18,2,40,99,38,38,10,31,10,6,18,1,49,99,52,31,A
15.04.2024,Alanyaspor,Galatasaray,8,1,52,102,38,38,12,33,16,3,10,2,53,92,50,26,A
19.04.2024,Besiktas,Ankaragucu,6,17,56,40,38,38,16,8,8,16,14,14,52,46,47,52,H
20.04.2024,İstanbulspor,Fatih Karagümrük,20,18,16,40,38,38,4,10,7,10,27,18,27,49,80,52,A
20.04.2024,Konyaspor,Alanyaspor,16,8,41,52,38,38,9,12,14,16,15,10,40,53,53,50,A
20.04.2024,Kayserispor,Trabzonspor,14,3,42,67,38,38,11,21,12,4,15,13,44,69,57,50,A
20.04.2024,Samsunspor,Adana Demirspor,13,12,43,44,38,38,11,10,10,14,17,14,42,54,52,61,D
21.04.2024,Istanbul Basaksehir,Rizespor,4,9,61,50,38,38,18,14,7,8,13,16,57,48,43,58,H
21.04.2024,Galatasaray,Pendikspor,1,19,102,37,38,38,33,9,3,10,2,19,92,42,26,73,H
21.04.2024,Antalyaspor,Hatayspor,10,15,49,41,38,38,12,9,13,14,13,15,44,45,49,52,H
21.04.2024,Gazişehir Gaziantep,Kasimpasa,11,5,44,56,38,38,12,16,8,8,18,14,50,62,57,65,H
22.04.2024,Sivasspor,Fenerbahce,7,2,54,99,38,38,14,31,12,6,12,1,47,99,54,31,D
26.04.2024,Adana Demirspor,Galatasaray,12,1,44,102,38,38,10,33,14,3,14,2,54,92,61,26,A
27.04.2024,Sivasspor,Konyaspor,7,16,54,41,38,38,14,9,12,14,12,15,47,40,54,53,H
27.04.2024,Kasimpasa,Samsunspor,5,13,56,43,38,38,16,11,8,10,14,17,62,42,65,52,H
27.04.2024,Fenerbahce,Besiktas,2,6,99,56,38,38,31,16,6,8,1,14,99,52,31,47,H
27.04.2024,Hatayspor,Istanbul Basaksehir,15,4,41,61,38,38,9,18,14,7,15,13,45,57,52,43,A
28.04.2024,Alanyaspor,İstanbulspor,8,20,52,16,38,38,12,4,16,7,10,27,53,27,50,80,H
28.04.2024,Pendikspor,Kayserispor,19,14,37,42,38,38,9,11,10,12,19,15,42,44,73,57,A
28.04.2024,Trabzonspor,Gazişehir Gaziantep,3,11,67,44,38,38,21,12,4,8,13,18,69,50,50,57,H
28.04.2024,Rizespor,Ankaragucu,9,17,50,40,38,38,14,8,8,16,16,14,48,46,58,52,D
29.04.2024,Fatih Karagümrük,Antalyaspor,18,10,40,49,38,38,10,12,10,13,18,13,49,44,52,49,H
03.05.2024,Besiktas,Rizespor,6,9,56,50,38,38,16,14,8,8,14,16,52,48,47,58,H
03.05.2024,Ankaragucu,Alanyaspor,17,8,40,52,38,38,8,12,16,16,14,10,46,53,52,50,D
04.05.2024,İstanbulspor,Adana Demirspor,20,12,16,44,38,38,4,10,7,14,27,14,27,54,80,61,A
04.05.2024,Kayserispor,Fatih Karagümrük,14,18,42,40,38,38,11,10,12,10,15,18,44,49,57,52,D
04.05.2024,Samsunspor,Trabzonspor,13,3,43,67,38,38,11,21,10,4,17,13,42,69,52,50,H
05.05.2024,Istanbul Basaksehir,Kasimpasa,4,5,61,56,38,38,18,16,7,8,13,14,57,62,43,65,H
05.05.2024,Galatasaray,Sivasspor,1,7,102,54,38,38,33,14,3,12,2,12,92,47,26,54,H
05.05.2024,Gazişehir Gaziantep,Hatayspor,11,15,44,41,38,38,12,9,8,14,18,15,50,45,57,52,D
06.05.2024,Konyaspor,Fenerbahce,16,2,41,99,38,38,9,31,14,6,15,1,40,99,53,31,D
06.05.2024,Antalyaspor,Pendikspor,10,19,49,37,38,38,12,9,13,10,13,19,44,42,49,73,A
12.05.2024,Konyaspor,Samsunspor,16,13,41,43,38,38,9,11,14,10,15,17,40,42,53,52,H
12.05.2024,Fenerbahce,Kayserispor,2,14,99,42,38,38,31,11,6,12,1,15,99,44,31,57,H
12.05.2024,Alanyaspor,Besiktas,8,6,52,56,38,38,12,16,16,8,10,14,53,52,50,47,D
12.05.2024,Trabzonspor,İstanbulspor,3,20,67,16,38,38,21,4,4,7,13,27,69,27,50,80,H
12.05.2024,Sivasspor,Istanbul Basaksehir,7,4,54,61,38,38,14,18,12,7,12,13,47,57,54,43,A
12.05.2024,Kasimpasa,Antalyaspor,5,10,56,49,38,38,16,12,8,13,14,13,62,44,65,49,H
12.05.2024,Adana Demirspor,Gazişehir Gaziantep,12,11,44,44,38,38,10,12,14,8,14,18,54,50,61,57,A
12.05.2024,Hatayspor,Ankaragucu,15,17,41,40,38,38,9,8,14,16,15,14,45,46,52,52,H
12.05.2024,Fatih Karagümrük,Galatasaray,18,1,40,102,38,38,10,33,10,3,18,2,49,92,52,26,A
12.05.2024,Pendikspor,Rizespor,19,9,37,50,38,38,9,14,10,8,19,16,42,48,73,58,H
17.05.2024,İstanbulspor,Sivasspor,20,7,16,54,38,38,4,14,7,12,27,12,27,47,80,54,A
17.05.2024,Antalyaspor,Adana Demirspor,10,12,49,44,38,38,12,10,13,14,13,14,44,54,49,61,H
18.05.2024,Besiktas,Hatayspor,6,15,56,41,38,38,16,9,8,14,14,15,52,45,47,52,D
18.05.2024,Istanbul Basaksehir,Trabzonspor,4,3,61,67,38,38,18,21,7,4,13,13,57,69,43,50,A
18.05.2024,Kayserispor,Konyaspor,14,16,42,41,38,38,11,9,12,14,15,15,44,40,57,53,D
18.05.2024,Rizespor,Kasimpasa,9,5,50,56,38,38,14,16,8,8,16,14,48,62,58,65,D
18.05.2024,Ankaragucu,Pendikspor,17,19,40,37,38,38,8,9,16,10,14,19,46,42,52,73,D
18.05.2024,Gazişehir Gaziantep,Fatih Karagümrük,11,18,44,40,38,38,12,10,8,10,18,18,50,49,57,52,H
18.05.2024,Samsunspor,Alanyaspor,13,8,43,52,38,38,11,12,10,16,17,10,42,53,52,50,D
19.05.2024,Galatasaray,Fenerbahce,1,2,102,99,38,38,33,31,3,6,2,1,92,99,26,31,A
24.05.2024,Alanyaspor,Antalyaspor,8,10,52,49,38,38,12,12,16,13,10,13,53,44,50,49,D
25.05.2024,Fatih Karagümrük,Samsunspor,18,13,40,43,38,38,10,11,10,10,18,17,49,42,52,52,H
25.05.2024,Sivasspor,Kayserispor,7,14,54,42,38,38,14,11,12,12,12,15,47,44,54,57,H
26.05.2024,Konyaspor,Galatasaray,16,1,41,102,38,38,9,33,14,3,15,2,40,92,53,26,A
26.05.2024,Fenerbahce,İstanbulspor,2,20,99,16,38,38,31,4,6,7,1,27,99,27,31,80,H
26.05.2024,Trabzonspor,Ankaragucu,3,17,67,40,38,38,21,8,4,16,13,14,69,46,50,52,H
26.05.2024,Kasimpasa,Besiktas,5,6,56,56,38,38,16,16,8,8,14,14,62,52,65,47,H
26.05.2024,Adana Demirspor,Istanbul Basaksehir,12,4,44,61,38,38,10,18,14,7,14,13,54,57,61,43,A
26.05.2024,Hatayspor,Rizespor,15,9,41,50,38,38,9,14,14,8,15,16,45,48,52,58,H
26.05.2024,Pendikspor,Gazişehir Gaziantep,19,11,37,44,38,38,9,12,10,8,19,18,42,50,73,57,A
09.08.2024,Galatasaray,Hatayspor,1,18,54,10,20,20,17,1,3,7,0,12,53,21,22,37,H
10.08.2024,Kasimpasa,Konyaspor,12,15,25,21,20,20,5,5,10,6,5,9,32,24,37,32,A
10.08.2024,Fenerbahce,Adana Demirspor,2,19,48,5,20,20,15,2,3,2,2,16,52,17,20,45,H
10.08.2024,Antalyaspor,Goztepe,14,5,22,34,20,20,6,10,4,4,10,6,22,40,39,26,D
11.08.2024,Sivasspor,Trabzonspor,13,10,23,25,20,19,6,6,5,7,9,6,26,34,34,24,D
11.08.2024,Alanyaspor,Eyüpspor,11,4,25,36,20,20,6,10,7,6,7,4,24,33,28,19,D
11.08.2024,Samsunspor,Besiktas,3,6,40,32,20,20,12,8,4,8,4,4,34,29,19,21,A
12.08.2024,Rizespor,Istanbul Basaksehir,8,7,27,29,20,20,8,8,3,5,9,7,22,35,31,30,D
12.08.2024,BB Bodrumspor,Gazişehir Gaziantep,16,9,16,26,20,20,4,7,4,5,12,8,14,26,26,28,A
16.08.2024,Konyaspor,Galatasaray,15,1,21,54,20,20,5,17,6,3,9,0,24,53,32,22,A
17.08.2024,Kayserispor,Sivasspor,17,13,16,23,19,20,3,6,7,5,9,9,19,26,39,34,A
17.08.2024,Goztepe,Fenerbahce,5,2,34,48,20,20,10,15,4,3,6,2,40,52,26,20,D
17.08.2024,Adana Demirspor,Rizespor,19,8,5,27,20,20,2,8,2,3,16,9,17,22,45,31,A
18.08.2024,Istanbul Basaksehir,Alanyaspor,7,11,29,25,20,20,8,6,5,7,7,7,35,24,30,28,H
18.08.2024,Besiktas,Antalyaspor,6,14,32,22,20,20,8,6,8,4,4,10,29,22,21,39,H
18.08.2024,Gazişehir Gaziantep,Samsunspor,9,3,26,40,20,20,7,12,5,4,8,4,26,34,28,19,A
19.08.2024,Hatayspor,Kasimpasa,18,12,10,25,20,20,1,5,7,10,12,5,21,32,37,37,D
19.08.2024,Eyüpspor,BB Bodrumspor,4,16,36,16,20,20,10,4,6,4,4,12,33,14,19,26,H
23.08.2024,Alanyaspor,Goztepe,11,5,25,34,20,20,6,10,7,4,7,6,24,40,28,26,D
24.08.2024,Sivasspor,Eyüpspor,13,4,23,36,20,20,6,10,5,6,9,4,26,33,34,19,A
24.08.2024,BB Bodrumspor,Konyaspor,16,15,16,21,20,20,4,5,4,6,12,9,14,24,26,32,H
25.08.2024,Kasimpasa,Adana Demirspor,12,19,25,5,20,20,5,2,10,2,5,16,32,17,37,45,D
25.08.2024,Antalyaspor,Hatayspor,14,18,22,10,20,20,6,1,4,7,10,12,22,21,39,37,H
25.08.2024,Rizespor,Fenerbahce,8,2,27,48,20,20,8,15,3,3,9,2,22,52,31,20,A
30.08.2024,Fenerbahce,Alanyaspor,2,11,48,25,20,20,15,6,3,7,2,7,52,24,20,28,H
31.08.2024,Konyaspor,Kayserispor,15,17,21,16,20,19,5,3,6,7,9,9,24,19,32,39,D
31.08.2024,Rizespor,Kasimpasa,8,12,27,25,20,20,8,5,3,10,9,5,22,32,31,37,A
31.08.2024,Goztepe,BB Bodrumspor,5,16,34,16,20,20,10,4,4,4,6,12,40,14,26,26,H
31.08.2024,Adana Demirspor,Galatasaray,19,1,5,54,20,20,2,17,2,3,16,0,17,53,45,22,A
01.09.2024,Istanbul Basaksehir,Antalyaspor,7,14,29,22,20,20,8,6,5,4,7,10,35,22,30,39,H
01.09.2024,Eyüpspor,Trabzonspor,4,10,36,25,20,19,10,6,6,7,4,6,33,34,19,24,D
01.09.2024,Besiktas,Sivasspor,6,13,32,23,20,20,8,6,8,5,4,9,29,26,21,34,H
01.09.2024,Hatayspor,Samsunspor,18,3,10,40,20,20,1,12,7,4,12,4,21,34,37,19,A
14.09.2024,Sivasspor,Gazişehir Gaziantep,13,9,23,26,20,20,6,7,5,5,9,8,26,26,34,28,H
14.09.2024,Samsunspor,Konyaspor,3,15,40,21,20,20,12,5,4,6,4,9,34,24,19,32,A
14.09.2024,Galatasaray,Rizespor,1,8,54,27,20,20,17,8,3,3,0,9,53,22,22,31,H
14.09.2024,BB Bodrumspor,Istanbul Basaksehir,16,7,16,29,20,20,4,8,4,5,12,7,14,35,26,30,A
15.09.2024,Kayserispor,Eyüpspor,17,4,16,36,19,20,3,10,7,6,9,4,19,33,39,19,D
15.09.2024,Kasimpasa,Fenerbahce,12,2,25,48,20,20,5,15,10,3,5,2,32,52,37,20,A
15.09.2024,Alanyaspor,Hatayspor,11,18,25,10,20,20,6,1,7,7,7,12,24,21,28,37,D
15.09.2024,Trabzonspor,Besiktas,10,6,25,32,19,20,6,8,7,8,6,4,34,29,24,21,D
16.09.2024,Antalyaspor,Adana Demirspor,14,19,22,5,20,20,6,2,4,2,10,16,22,17,39,45,H
17.09.2024,Galatasaray,Gazişehir Gaziantep,1,9,54,26,20,20,17,7,3,5,0,8,53,26,22,28,H
18.09.2024,Samsunspor,Istanbul Basaksehir,3,7,40,29,20,20,12,8,4,5,4,7,34,35,19,30,H
19.09.2024,Trabzonspor,Kayserispor,10,17,25,16,19,19,6,3,7,7,6,9,34,19,24,39,D
20.09.2024,Hatayspor,BB Bodrumspor,18,16,10,16,20,20,1,4,7,4,12,12,21,14,37,26,A
21.09.2024,Konyaspor,Sivasspor,15,13,21,23,20,20,5,6,6,5,9,9,24,26,32,34,D
21.09.2024,Fenerbahce,Galatasaray,2,1,48,54,20,20,15,17,3,3,2,0,52,53,20,22,A
22.09.2024,Kasimpasa,Antalyaspor,12,14,25,22,20,20,5,6,10,4,5,10,32,22,37,39,D
22.09.2024,Rizespor,Samsunspor,8,3,27,40,20,20,8,12,3,4,9,4,22,34,31,19,A
22.09.2024,Besiktas,Eyüpspor,6,4,32,36,20,20,8,10,8,6,4,4,29,33,21,19,H
22.09.2024,Adana Demirspor,Alanyaspor,19,11,5,25,20,20,2,6,2,7,16,7,17,24,45,28,A
23.09.2024,Goztepe,Kayserispor,5,17,34,16,20,19,10,3,4,7,6,9,40,19,26,39,H
23.09.2024,Gazişehir Gaziantep,Trabzonspor,9,10,26,25,20,19,7,6,5,7,8,6,26,34,28,24,D
27.09.2024,Sivasspor,Istanbul Basaksehir,13,7,23,29,20,20,6,8,5,5,9,7,26,35,34,30,A
28.09.2024,Samsunspor,Goztepe,3,5,40,34,20,20,12,10,4,4,4,6,34,40,19,26,H
28.09.2024,Galatasaray,Kasimpasa,1,12,54,25,20,20,17,5,3,10,0,5,53,32,22,37,D
28.09.2024,Alanyaspor,Rizespor,11,8,25,27,20,20,6,8,7,3,7,9,24,22,28,31,H
29.09.2024,Trabzonspor,Konyaspor,10,15,25,21,19,20,6,5,7,6,6,9,34,24,24,32,H
29.09.2024,Eyüpspor,Gazişehir Gaziantep,4,9,36,26,20,20,10,7,6,5,4,8,33,26,19,28,H
29.09.2024,Antalyaspor,Fenerbahce,14,2,22,48,20,20,6,15,4,3,10,2,22,52,39,20,A
29.09.2024,BB Bodrumspor,Adana Demirspor,16,19,16,5,20,20,4,2,4,2,12,16,14,17,26,45,H
30.09.2024,Kayserispor,Besiktas,17,6,16,32,19,20,3,8,7,8,9,4,19,29,39,21,A
04.10.2024,Rizespor,Antalyaspor,8,14,27,22,20,20,8,6,3,4,9,10,22,22,31,39,H
05.10.2024,Kasimpasa,BB Bodrumspor,12,16,25,16,20,20,5,4,10,4,5,12,32,14,37,26,D
05.10.2024,Goztepe,Sivasspor,5,13,34,23,20,20,10,6,4,5,6,9,40,26,26,34,H
05.10.2024,Istanbul Basaksehir,Kayserispor,7,17,29,16,20,19,8,3,5,7,7,9,35,19,30,39,D
05.10.2024,Hatayspor,Trabzonspor,18,10,10,25,20,19,1,6,7,7,12,6,21,34,37,24,D
06.10.2024,Konyaspor,Eyüpspor,15,4,21,36,20,20,5,10,6,6,9,4,24,33,32,19,H
06.10.2024,Adana Demirspor,Samsunspor,19,3,5,40,20,20,2,12,2,4,16,4,17,34,45,19,A
06.10.2024,Galatasaray,Alanyaspor,1,11,54,25,20,20,17,6,3,7,0,7,53,24,22,28,H
06.10.2024,Gazişehir Gaziantep,Besiktas,9,6,26,32,20,20,7,8,5,8,8,4,26,29,28,21,D
19.10.2024,Kayserispor,Gazişehir Gaziantep,17,9,16,26,19,20,3,7,7,5,9,8,19,26,39,28,D
19.10.2024,Trabzonspor,Istanbul Basaksehir,10,7,25,29,19,20,6,8,7,5,6,7,34,35,24,30,H
19.10.2024,Antalyaspor,Galatasaray,14,1,22,54,20,20,6,17,4,3,10,0,22,53,39,22,A
19.10.2024,Eyüpspor,Goztepe,4,5,36,34,20,20,10,10,6,4,4,6,33,40,19,26,H
20.10.2024,Sivasspor,Hatayspor,13,18,23,10,20,20,6,1,5,7,9,12,26,21,34,37,H
20.10.2024,Besiktas,Konyaspor,6,15,32,21,20,20,8,5,8,6,4,9,29,24,21,32,H
20.10.2024,Alanyaspor,Kasimpasa,11,12,25,25,20,20,6,5,7,10,7,5,24,32,28,37,A
20.10.2024,Samsunspor,Fenerbahce,3,2,40,48,20,20,12,15,4,3,4,2,34,52,19,20,D
21.10.2024,BB Bodrumspor,Rizespor,16,8,16,27,20,20,4,8,4,3,12,9,14,22,26,31,A
25.10.2024,Adana Demirspor,Sivasspor,19,13,5,23,20,20,2,6,2,5,16,9,17,26,45,34,A
26.10.2024,Hatayspor,Kayserispor,18,17,10,16,20,19,1,3,7,7,12,9,21,19,37,39,A
26.10.2024,Kasimpasa,Samsunspor,12,3,25,40,20,20,5,12,10,4,5,4,32,34,37,19,A
26.10.2024,Goztepe,Trabzonspor,5,10,34,25,20,19,10,6,4,7,6,6,40,34,26,24,H
27.10.2024,Gazişehir Gaziantep,Konyaspor,9,15,26,21,20,20,7,5,5,6,8,9,26,24,28,32,H
27.10.2024,Alanyaspor,Antalyaspor,11,14,25,22,20,20,6,6,7,4,7,10,24,22,28,39,A
27.10.2024,Fenerbahce,BB Bodrumspor,2,16,48,16,20,20,15,4,3,4,2,12,52,14,20,26,H
28.10.2024,Istanbul Basaksehir,Eyüpspor,7,4,29,36,20,20,8,10,5,6,7,4,35,33,30,19,D
28.10.2024,Galatasaray,Besiktas,1,6,54,32,20,20,17,8,3,8,0,4,53,29,22,21,H
01.11.2024,Gazişehir Gaziantep,Goztepe,9,5,26,34,20,20,7,10,5,4,8,6,26,40,28,26,H
02.11.2024,Sivasspor,Rizespor,13,8,23,27,20,20,6,8,5,3,9,9,26,22,34,31,H
02.11.2024,Kayserispor,Adana Demirspor,17,19,16,5,19,20,3,2,7,2,9,16,19,17,39,45,D
02.11.2024,Besiktas,Kasimpasa,6,12,32,25,20,20,8,5,8,10,4,5,29,32,21,37,A
03.11.2024,Konyaspor,Istanbul Basaksehir,15,7,21,29,20,20,5,8,6,5,9,7,24,35,32,30,H
03.11.2024,BB Bodrumspor,Alanyaspor,16,11,16,25,20,20,4,6,4,7,12,7,14,24,26,28,D
03.11.2024,Eyüpspor,Hatayspor,4,18,36,10,20,20,10,1,6,7,4,12,33,21,19,37,H
03.11.2024,Trabzonspor,Fenerbahce,10,2,25,48,19,20,6,15,7,3,6,2,34,52,24,20,A
04.11.2024,Samsunspor,Antalyaspor,3,14,40,22,20,20,12,6,4,4,4,10,34,22,19,39,H
08.11.2024,Kasimpasa,Kayserispor,12,17,25,16,20,19,5,3,10,7,5,9,32,19,37,39,A
09.11.2024,Antalyaspor,BB Bodrumspor,14,16,22,16,20,20,6,4,4,4,10,12,22,14,39,26,H
09.11.2024,Hatayspor,Gazişehir Gaziantep,18,9,10,26,20,20,1,7,7,5,12,8,21,26,37,28,H
09.11.2024,Rizespor,Trabzonspor,8,10,27,25,20,19,8,6,3,7,9,6,22,34,31,24,H
09.11.2024,Adana Demirspor,Eyüpspor,19,4,5,36,20,20,2,10,2,6,16,4,17,33,45,19,A
10.11.2024,Goztepe,Konyaspor,5,15,34,21,20,20,10,5,4,6,6,9,40,24,26,32,H
10.11.2024,Galatasaray,Samsunspor,1,3,54,40,20,20,17,12,3,4,0,4,53,34,22,19,H
10.11.2024,Istanbul Basaksehir,Besiktas,7,6,29,32,20,20,8,8,5,8,7,4,35,29,30,21,D
10.11.2024,Fenerbahce,Sivasspor,2,13,48,23,20,20,15,6,3,5,2,9,52,26,20,34,H
23.11.2024,Eyüpspor,Rizespor,4,8,36,27,20,20,10,8,6,3,4,9,33,22,19,31,A
23.11.2024,Kayserispor,Fenerbahce,17,2,16,48,19,20,3,15,7,3,9,2,19,52,39,20,A
23.11.2024,Gazişehir Gaziantep,Istanbul Basaksehir,9,7,26,29,20,20,7,8,5,5,8,7,26,35,28,30,H
23.11.2024,BB Bodrumspor,Galatasaray,16,1,16,54,20,20,4,17,4,3,12,0,14,53,26,22,A
24.11.2024,Sivasspor,Kasimpasa,13,12,23,25,20,20,6,5,5,10,9,5,26,32,34,37,D
24.11.2024,Konyaspor,Hatayspor,15,18,21,10,20,20,5,1,6,7,9,12,24,21,32,37,D
24.11.2024,Samsunspor,Alanyaspor,3,11,40,25,20,20,12,6,4,7,4,7,34,24,19,28,D
24.11.2024,Besiktas,Goztepe,6,5,32,34,20,20,8,10,8,4,4,6,29,40,21,26,A
25.11.2024,Trabzonspor,Adana Demirspor,10,19,25,5,19,20,6,2,7,2,6,16,34,17,24,45,H
29.11.2024,Antalyaspor,Sivasspor,14,13,22,23,20,20,6,6,4,5,10,9,22,26,39,34,H
30.11.2024,Samsunspor,BB Bodrumspor,3,16,40,16,20,20,12,4,4,4,4,12,34,14,19,26,H
30.11.2024,Adana Demirspor,Konyaspor,19,15,5,21,20,20,2,5,2,6,16,9,17,24,45,32,A
30.11.2024,Istanbul Basaksehir,Goztepe,7,5,29,34,20,20,8,10,5,4,7,6,35,40,30,26,H
30.11.2024,Alanyaspor,Trabzonspor,11,10,25,25,20,19,6,6,7,7,7,6,24,34,28,24,H
01.12.2024,Rizespor,Kayserispor,8,17,27,16,20,19,8,3,3,7,9,9,22,19,31,39,H
01.12.2024,Galatasaray,Eyüpspor,1,4,54,36,20,20,17,10,3,6,0,4,53,33,22,19,D
02.12.2024,Fenerbahce,Gazişehir Gaziantep,2,9,48,26,20,20,15,7,3,5,2,8,52,26,20,28,H
02.12.2024,Hatayspor,Besiktas,18,6,10,32,20,20,1,8,7,8,12,4,21,29,37,21,D
06.12.2024,Trabzonspor,Kasimpasa,10,12,25,25,19,20,6,5,7,10,6,5,34,32,24,37,D
07.12.2024,Konyaspor,Antalyaspor,15,14,21,22,20,20,5,6,6,4,9,10,24,22,32,39,D
07.12.2024,Goztepe,Adana Demirspor,5,19,34,5,20,20,10,2,4,2,6,16,40,17,26,45,H
07.12.2024,Besiktas,Fenerbahce,6,2,32,48,20,20,8,15,8,3,4,2,29,52,21,20,H
08.12.2024,Eyüpspor,Samsunspor,4,3,36,40,20,20,10,12,6,4,4,4,33,34,19,19,H
08.12.2024,Kayserispor,Alanyaspor,17,11,16,25,19,20,3,6,7,7,9,7,19,24,39,28,H
08.12.2024,Sivasspor,Galatasaray,13,1,23,54,20,20,6,17,5,3,9,0,26,53,34,22,A
08.12.2024,Istanbul Basaksehir,Hatayspor,7,18,29,10,20,20,8,1,5,7,7,12,35,21,30,37,H
09.12.2024,Gazişehir Gaziantep,Rizespor,9,8,26,27,20,20,7,8,5,3,8,9,26,22,28,31,H
13.12.2024,Kasimpasa,Eyüpspor,12,4,25,36,20,20,5,10,10,6,5,4,32,33,37,19,H
13.12.2024,BB Bodrumspor,Sivasspor,16,13,16,23,20,20,4,6,4,5,12,9,14,26,26,34,H
14.12.2024,Rizespor,Konyaspor,8,15,27,21,20,20,8,5,3,6,9,9,22,24,31,32,D
14.12.2024,Alanyaspor,Gazişehir Gaziantep,11,9,25,26,20,20,6,7,7,5,7,8,24,26,28,28,H
15.12.2024,Hatayspor,Goztepe,18,5,10,34,20,20,1,10,7,4,12,6,21,40,37,26,D
15.12.2024,Antalyaspor,Kayserispor,14,17,22,16,20,19,6,3,4,7,10,9,22,19,39,39,H
15.12.2024,Fenerbahce,Istanbul Basaksehir,2,7,48,29,20,20,15,8,3,5,2,7,52,35,20,30,H
16.12.2024,Adana Demirspor,Besiktas,19,6,5,32,20,20,2,8,2,8,16,4,17,29,45,21,H
16.12.2024,Galatasaray,Trabzonspor,1,10,54,25,20,19,17,6,3,7,0,6,53,34,22,24,H
20.12.2024,Eyüpspor,Fenerbahce,4,2,36,48,20,20,10,15,6,3,4,2,33,52,19,20,D
21.12.2024,Sivasspor,Samsunspor,13,3,23,40,20,20,6,12,5,4,9,4,26,34,34,19,D
21.12.2024,Besiktas,Alanyaspor,6,11,32,25,20,20,8,6,8,7,4,7,29,24,21,28,D
22.12.2024,Gazişehir Gaziantep,Antalyaspor,9,14,26,22,20,20,7,6,5,4,8,10,26,22,28,39,H
22.12.2024,Goztepe,Rizespor,5,8,34,27,20,20,10,8,4,3,6,9,40,22,26,31,H
22.12.2024,Kayserispor,Galatasaray,17,1,16,54,19,20,3,17,7,3,9,0,19,53,39,22,A
22.12.2024,Trabzonspor,BB Bodrumspor,10,16,25,16,19,20,6,4,7,4,6,12,34,14,24,26,H
23.12.2024,Istanbul Basaksehir,Kasimpasa,7,12,29,25,20,20,8,5,5,10,7,5,35,32,30,37,D
23.12.2024,Hatayspor,Adana Demirspor,18,19,10,5,20,20,1,2,7,2,12,16,21,17,37,45,A
03.01.2025,Alanyaspor,Konyaspor,11,15,25,21,20,20,6,5,7,6,7,9,24,24,28,32,H
03.01.2025,Rizespor,Besiktas,8,6,27,32,20,20,8,8,3,8,9,4,22,29,31,21,D
04.01.2025,Adana Demirspor,Istanbul Basaksehir,19,7,5,29,20,20,2,8,2,5,16,7,17,35,45,30,A
04.01.2025,Antalyaspor,Eyüpspor,14,4,22,36,20,20,6,10,4,6,10,4,22,33,39,19,A
04.01.2025,Galatasaray,Goztepe,1,5,54,34,20,20,17,10,3,4,0,6,53,40,22,26,H
04.01.2025,Samsunspor,Trabzonspor,3,10,40,25,20,19,12,6,4,7,4,6,34,34,19,24,H
05.01.2025,Kasimpasa,Gazişehir Gaziantep,12,9,25,26,20,20,5,7,10,5,5,8,32,26,37,28,D
05.01.2025,BB Bodrumspor,Kayserispor,16,17,16,16,20,19,4,3,4,7,12,9,14,19,26,39,D
05.01.2025,Fenerbahce,Hatayspor,2,18,48,10,20,20,15,1,3,7,2,12,52,21,20,37,H
11.01.2025,Kayserispor,Samsunspor,17,3,16,40,19,20,3,12,7,4,9,4,19,34,39,19,A
11.01.2025,Hatayspor,Rizespor,18,8,10,27,20,20,1,8,7,3,12,9,21,22,37,31,A
11.01.2025,Besiktas,BB Bodrumspor,6,16,32,16,20,20,8,4,8,4,4,12,29,14,21,26,H
12.01.2025,Sivasspor,Alanyaspor,13,11,23,25,20,20,6,6,5,7,9,7,26,24,34,28,D
12.01.2025,Trabzonspor,Antalyaspor,10,14,25,22,19,20,6,6,7,4,6,10,34,22,24,39,H
12.01.2025,Istanbul Basaksehir,Galatasaray,7,1,29,54,20,20,8,17,5,3,7,0,35,53,30,22,A
12.01.2025,Gazişehir Gaziantep,Adana Demirspor,9,19,26,5,20,20,7,2,5,2,8,16,26,17,28,45,H
13.01.2025,Konyaspor,Fenerbahce,15,2,21,48,20,20,5,15,6,3,9,2,24,52,32,20,A
13.01.2025,Goztepe,Kasimpasa,5,12,34,25,20,20,10,5,4,10,6,5,40,32,26,37,H
17.01.2025,Hatayspor,Galatasaray,18,1,10,54,20,20,1,17,7,3,12,0,21,53,37,22,D
18.01.2025,Istanbul Basaksehir,Rizespor,7,8,29,27,20,20,8,8,5,3,7,9,35,22,30,31,H
18.01.2025,Gazişehir Gaziantep,BB Bodrumspor,9,16,26,16,20,20,7,4,5,4,8,12,26,14,28,26,D
18.01.2025,Besiktas,Samsunspor,6,3,32,40,20,20,8,12,8,4,4,4,29,34,21,19,D
19.01.2025,Goztepe,Antalyaspor,5,14,34,22,20,20,10,6,4,4,6,10,40,22,26,39,H
19.01.2025,Konyaspor,Kasimpasa,15,12,21,25,20,20,5,5,6,10,9,5,24,32,32,37,D
19.01.2025,Adana Demirspor,Fenerbahce,19,2,5,48,20,20,2,15,2,3,16,2,17,52,45,20,A
19.01.2025,Eyüpspor,Alanyaspor,4,11,36,25,20,20,10,6,6,7,4,7,33,24,19,28,H
20.01.2025,Trabzonspor,Sivasspor,10,13,25,23,19,20,6,6,7,5,6,9,34,26,24,34,H
24.01.2025,Samsunspor,Gazişehir Gaziantep,3,9,40,26,20,20,12,7,4,5,4,8,34,26,19,28,H
25.01.2025,Sivasspor,Kayserispor,13,17,23,16,20,19,6,3,5,7,9,9,26,19,34,39,H
25.01.2025,Alanyaspor,Istanbul Basaksehir,11,7,25,29,20,20,6,8,7,5,7,7,24,35,28,30,H
25.01.2025,Galatasaray,Konyaspor,1,15,54,21,20,20,17,5,3,6,0,9,53,24,22,32,H
26.01.2025,Rizespor,Adana Demirspor,8,19,27,5,20,20,8,2,3,2,9,16,22,17,31,45,H
26.01.2025,Antalyaspor,Besiktas,14,6,22,32,20,20,6,8,4,8,10,4,22,29,39,21,D
26.01.2025,BB Bodrumspor,Eyüpspor,16,4,16,36,20,20,4,10,4,6,12,4,14,33,26,19,A
26.01.2025,Fenerbahce,Goztepe,2,5,48,34,20,20,15,10,3,4,2,6,52,40,20,26,H
27.01.2025,Kasimpasa,Hatayspor,12,18,25,10,20,20,5,1,10,7,5,12,32,21,37,37,H
